date,location,aqi,pm25
2016-04-19T12:00:00.000Z,选择监测点,39,10
2016-04-19T12:00:00.000Z,区环保大楼,35,7
2016-04-19T12:00:00.000Z,万里学院,35,10
2016-04-19T12:00:00.000Z,龙赛医院,48,10
2016-04-19T12:00:00.000Z,三江中学,36,9
2016-04-19T12:00:00.000Z,钱湖水厂,44,8
2016-04-19T12:00:00.000Z,太古小学,39,14
2016-04-19T12:00:00.000Z,市环境监测中心,44,13
2016-04-19T12:00:00.000Z,万里国际学校,37,9
2016-04-19T13:00:00.000Z,选择监测点,40,12
2016-04-19T13:00:00.000Z,区环保大楼,37,7
2016-04-19T13:00:00.000Z,万里学院,35,12
2016-04-19T13:00:00.000Z,龙赛医院,47,12
2016-04-19T13:00:00.000Z,三江中学,37,11
2016-04-19T13:00:00.000Z,钱湖水厂,44,10
2016-04-19T13:00:00.000Z,太古小学,39,15
2016-04-19T13:00:00.000Z,市环境监测中心,48,17
2016-04-19T13:00:00.000Z,万里国际学校,38,12
2016-04-19T14:00:00.000Z,选择监测点,39,12
2016-04-19T14:00:00.000Z,区环保大楼,37,8
2016-04-19T14:00:00.000Z,万里学院,34,14
2016-04-19T14:00:00.000Z,龙赛医院,45,11
2016-04-19T14:00:00.000Z,三江中学,34,12
2016-04-19T14:00:00.000Z,钱湖水厂,43,11
2016-04-19T14:00:00.000Z,太古小学,37,15
2016-04-19T14:00:00.000Z,市环境监测中心,45,16
2016-04-19T14:00:00.000Z,万里国际学校,37,13
2016-04-19T15:00:00.000Z,选择监测点,38,12
2016-04-19T15:00:00.000Z,区环保大楼,35,8
2016-04-19T15:00:00.000Z,万里学院,33,14
2016-04-19T15:00:00.000Z,龙赛医院,44,12
2016-04-19T15:00:00.000Z,三江中学,34,13
2016-04-19T15:00:00.000Z,钱湖水厂,42,10
2016-04-19T15:00:00.000Z,太古小学,33,15
2016-04-19T15:00:00.000Z,市环境监测中心,47,15
2016-04-19T15:00:00.000Z,万里国际学校,36,13
2016-04-19T16:00:00.000Z,选择监测点,37,13
2016-04-19T16:00:00.000Z,区环保大楼,35,7
2016-04-19T16:00:00.000Z,万里学院,35,13
2016-04-19T16:00:00.000Z,龙赛医院,42,12
2016-04-19T16:00:00.000Z,三江中学,35,13
2016-04-19T16:00:00.000Z,钱湖水厂,38,14
2016-04-19T16:00:00.000Z,太古小学,34,17
2016-04-19T16:00:00.000Z,市环境监测中心,48,18
2016-04-19T16:00:00.000Z,万里国际学校,31,16
2016-04-19T17:00:00.000Z,选择监测点,37,15
2016-04-19T17:00:00.000Z,区环保大楼,35,9
2016-04-19T17:00:00.000Z,万里学院,34,15
2016-04-19T17:00:00.000Z,龙赛医院,44,13
2016-04-19T17:00:00.000Z,三江中学,36,14
2016-04-19T17:00:00.000Z,钱湖水厂,36,21
2016-04-19T17:00:00.000Z,太古小学,33,16
2016-04-19T17:00:00.000Z,市环境监测中心,47,17
2016-04-19T17:00:00.000Z,万里国际学校,32,19
2016-04-19T18:00:00.000Z,选择监测点,39,15
2016-04-19T18:00:00.000Z,区环保大楼,36,8
2016-04-19T18:00:00.000Z,万里学院,36,19
2016-04-19T18:00:00.000Z,龙赛医院,46,14
2016-04-19T18:00:00.000Z,三江中学,37,14
2016-04-19T18:00:00.000Z,钱湖水厂,35,13
2016-04-19T18:00:00.000Z,太古小学,35,17
2016-04-19T18:00:00.000Z,市环境监测中心,46,17
2016-04-19T18:00:00.000Z,万里国际学校,43,24
2016-04-19T19:00:00.000Z,选择监测点,41,17
2016-04-19T19:00:00.000Z,区环保大楼,37,8
2016-04-19T19:00:00.000Z,万里学院,35,17
2016-04-19T19:00:00.000Z,龙赛医院,46,14
2016-04-19T19:00:00.000Z,三江中学,42,17
2016-04-19T19:00:00.000Z,钱湖水厂,40,11
2016-04-19T19:00:00.000Z,太古小学,37,18
2016-04-19T19:00:00.000Z,市环境监测中心,45,17
2016-04-19T19:00:00.000Z,万里国际学校,53,34
2016-04-19T20:00:00.000Z,选择监测点,38,14
2016-04-19T20:00:00.000Z,区环保大楼,35,10
2016-04-19T20:00:00.000Z,万里学院,33,16
2016-04-19T20:00:00.000Z,龙赛医院,46,15
2016-04-19T20:00:00.000Z,三江中学,39,16
2016-04-19T20:00:00.000Z,钱湖水厂,41,11
2016-04-19T20:00:00.000Z,太古小学,36,15
2016-04-19T20:00:00.000Z,市环境监测中心,45,18
2016-04-19T20:00:00.000Z,万里国际学校,35,16
2016-04-19T21:00:00.000Z,选择监测点,39,15
2016-04-19T21:00:00.000Z,区环保大楼,33,12
2016-04-19T21:00:00.000Z,万里学院,40,20
2016-04-19T21:00:00.000Z,龙赛医院,51,18
2016-04-19T21:00:00.000Z,三江中学,35,14
2016-04-19T21:00:00.000Z,钱湖水厂,40,12
2016-04-19T21:00:00.000Z,太古小学,36,15
2016-04-19T21:00:00.000Z,市环境监测中心,44,18
2016-04-19T21:00:00.000Z,万里国际学校,36,15
2016-04-19T22:00:00.000Z,选择监测点,41,18
2016-04-19T22:00:00.000Z,区环保大楼,32,15
2016-04-19T22:00:00.000Z,万里学院,54,34
2016-04-19T22:00:00.000Z,龙赛医院,49,18
2016-04-19T22:00:00.000Z,三江中学,41,18
2016-04-19T22:00:00.000Z,钱湖水厂,39,13
2016-04-19T22:00:00.000Z,太古小学,35,15
2016-04-19T22:00:00.000Z,市环境监测中心,45,19
2016-04-19T22:00:00.000Z,万里国际学校,35,18
2016-04-19T23:00:00.000Z,选择监测点,41,18
2016-04-19T23:00:00.000Z,区环保大楼,38,16
2016-04-19T23:00:00.000Z,万里学院,41,23
2016-04-19T23:00:00.000Z,龙赛医院,53,19
2016-04-19T23:00:00.000Z,三江中学,44,19
2016-04-19T23:00:00.000Z,钱湖水厂,37,16
2016-04-19T23:00:00.000Z,太古小学,35,16
2016-04-19T23:00:00.000Z,市环境监测中心,48,21
2016-04-19T23:00:00.000Z,万里国际学校,35,21
2016-04-20T00:00:00.000Z,选择监测点,42,18
2016-04-20T00:00:00.000Z,区环保大楼,46,17
2016-04-20T00:00:00.000Z,万里学院,31,17
2016-04-20T00:00:00.000Z,龙赛医院,57,20
2016-04-20T00:00:00.000Z,三江中学,44,18
2016-04-20T00:00:00.000Z,钱湖水厂,36,20
2016-04-20T00:00:00.000Z,太古小学,41,19
2016-04-20T00:00:00.000Z,市环境监测中心,44,17
2016-04-20T00:00:00.000Z,万里国际学校,39,23
2016-04-20T01:00:00.000Z,选择监测点,46,20
2016-04-20T01:00:00.000Z,区环保大楼,52,20
2016-04-20T01:00:00.000Z,万里学院,40,21
2016-04-20T01:00:00.000Z,龙赛医院,53,17
2016-04-20T01:00:00.000Z,三江中学,50,22
2016-04-20T01:00:00.000Z,钱湖水厂,34,18
2016-04-20T01:00:00.000Z,太古小学,51,23
2016-04-20T01:00:00.000Z,市环境监测中心,46,18
2016-04-20T01:00:00.000Z,万里国际学校,46,26
2016-04-20T02:00:00.000Z,选择监测点,45,20
2016-04-20T02:00:00.000Z,区环保大楼,52,21
2016-04-20T02:00:00.000Z,万里学院,44,23
2016-04-20T02:00:00.000Z,龙赛医院,45,14
2016-04-20T02:00:00.000Z,三江中学,53,25
2016-04-20T02:00:00.000Z,钱湖水厂,34,18
2016-04-20T02:00:00.000Z,太古小学,48,20
2016-04-20T02:00:00.000Z,市环境监测中心,45,18
2016-04-20T02:00:00.000Z,万里国际学校,42,23
2016-04-20T03:00:00.000Z,选择监测点,41,18
2016-04-20T03:00:00.000Z,区环保大楼,44,17
2016-04-20T03:00:00.000Z,万里学院,41,21
2016-04-20T03:00:00.000Z,龙赛医院,36,12
2016-04-20T03:00:00.000Z,三江中学,54,26
2016-04-20T03:00:00.000Z,钱湖水厂,35,15
2016-04-20T03:00:00.000Z,太古小学,42,19
2016-04-20T03:00:00.000Z,市环境监测中心,46,20
2016-04-20T03:00:00.000Z,万里国际学校,36,21
2016-04-20T04:00:00.000Z,选择监测点,38,18
2016-04-20T04:00:00.000Z,区环保大楼,40,17
2016-04-20T04:00:00.000Z,万里学院,33,19
2016-04-20T04:00:00.000Z,龙赛医院,37,14
2016-04-20T04:00:00.000Z,三江中学,50,25
2016-04-20T04:00:00.000Z,钱湖水厂,35,14
2016-04-20T04:00:00.000Z,太古小学,41,20
2016-04-20T04:00:00.000Z,市环境监测中心,42,18
2016-04-20T04:00:00.000Z,万里国际学校,31,19
2016-04-20T05:00:00.000Z,选择监测点,39,19
2016-04-20T05:00:00.000Z,区环保大楼,42,19
2016-04-20T05:00:00.000Z,万里学院,30,17
2016-04-20T05:00:00.000Z,龙赛医院,40,15
2016-04-20T05:00:00.000Z,三江中学,40,20
2016-04-20T05:00:00.000Z,钱湖水厂,35,12
2016-04-20T05:00:00.000Z,太古小学,48,26
2016-04-20T05:00:00.000Z,市环境监测中心,38,18
2016-04-20T05:00:00.000Z,万里国际学校,42,27
2016-04-20T06:00:00.000Z,选择监测点,32,17
2016-04-20T06:00:00.000Z,区环保大楼,32,17
2016-04-20T06:00:00.000Z,万里学院,26,18
2016-04-20T06:00:00.000Z,龙赛医院,31,12
2016-04-20T06:00:00.000Z,三江中学,35,18
2016-04-20T06:00:00.000Z,钱湖水厂,32,10
2016-04-20T06:00:00.000Z,太古小学,28,18
2016-04-20T06:00:00.000Z,市环境监测中心,33,16
2016-04-20T06:00:00.000Z,万里国际学校,43,28
2016-04-20T07:00:00.000Z,选择监测点,26,13
2016-04-20T07:00:00.000Z,区环保大楼,27,15
2016-04-20T07:00:00.000Z,万里学院,22,9
2016-04-20T07:00:00.000Z,龙赛医院,27,12
2016-04-20T07:00:00.000Z,三江中学,24,13
2016-04-20T07:00:00.000Z,钱湖水厂,31,7
2016-04-20T07:00:00.000Z,太古小学,22,15
2016-04-20T07:00:00.000Z,市环境监测中心,29,12
2016-04-20T07:00:00.000Z,万里国际学校,32,22
2016-04-20T08:00:00.000Z,选择监测点,26,9
2016-04-20T08:00:00.000Z,区环保大楼,23,11
2016-04-20T08:00:00.000Z,万里学院,21,8
2016-04-20T08:00:00.000Z,龙赛医院,31,5
2016-04-20T08:00:00.000Z,三江中学,30,11
2016-04-20T08:00:00.000Z,钱湖水厂,28,8
2016-04-20T08:00:00.000Z,太古小学,30,14
2016-04-20T08:00:00.000Z,市环境监测中心,28,12
2016-04-20T08:00:00.000Z,万里国际学校,23,9
2016-04-20T09:00:00.000Z,选择监测点,25,8
2016-04-20T09:00:00.000Z,区环保大楼,22,6
2016-04-20T09:00:00.000Z,万里学院,20,10
2016-04-20T09:00:00.000Z,龙赛医院,28,6
2016-04-20T09:00:00.000Z,三江中学,30,13
2016-04-20T09:00:00.000Z,钱湖水厂,32,5
2016-04-20T09:00:00.000Z,太古小学,24,13
2016-04-20T09:00:00.000Z,市环境监测中心,26,10
2016-04-20T09:00:00.000Z,万里国际学校,25,6
2016-04-20T10:00:00.000Z,选择监测点,25,9
2016-04-20T10:00:00.000Z,区环保大楼,25,6
2016-04-20T10:00:00.000Z,万里学院,20,9
2016-04-20T10:00:00.000Z,龙赛医院,26,11
2016-04-20T10:00:00.000Z,三江中学,33,14
2016-04-20T10:00:00.000Z,钱湖水厂,31,5
2016-04-20T10:00:00.000Z,太古小学,23,11
2016-04-20T10:00:00.000Z,市环境监测中心,26,12
2016-04-20T10:00:00.000Z,万里国际学校,22,7
2016-04-20T11:00:00.000Z,选择监测点,31,14
2016-04-20T11:00:00.000Z,区环保大楼,25,9
2016-04-20T11:00:00.000Z,万里学院,23,16
2016-04-20T11:00:00.000Z,龙赛医院,34,17
2016-04-20T11:00:00.000Z,三江中学,45,23
2016-04-20T11:00:00.000Z,钱湖水厂,29,9
2016-04-20T11:00:00.000Z,太古小学,38,16
2016-04-20T11:00:00.000Z,市环境监测中心,33,18
2016-04-20T11:00:00.000Z,万里国际学校,21,9
2016-04-20T12:00:00.000Z,选择监测点,37,22
2016-04-20T12:00:00.000Z,区环保大楼,26,18
2016-04-20T12:00:00.000Z,万里学院,30,21
2016-04-20T12:00:00.000Z,龙赛医院,58,34
2016-04-20T12:00:00.000Z,三江中学,47,31
2016-04-20T12:00:00.000Z,钱湖水厂,24,13
2016-04-20T12:00:00.000Z,太古小学,41,24
2016-04-20T12:00:00.000Z,市环境监测中心,47,26
2016-04-20T12:00:00.000Z,万里国际学校,24,14
2016-04-20T13:00:00.000Z,选择监测点,47,31
2016-04-20T13:00:00.000Z,区环保大楼,38,26
2016-04-20T13:00:00.000Z,万里学院,57,40
2016-04-20T13:00:00.000Z,龙赛医院,72,51
2016-04-20T13:00:00.000Z,三江中学,53,37
2016-04-20T13:00:00.000Z,钱湖水厂,28,19
2016-04-20T13:00:00.000Z,太古小学,45,27
2016-04-20T13:00:00.000Z,市环境监测中心,49,30
2016-04-20T13:00:00.000Z,万里国际学校,34,22
2016-04-20T14:00:00.000Z,选择监测点,50,34
2016-04-20T14:00:00.000Z,区环保大楼,39,27
2016-04-20T14:00:00.000Z,万里学院,60,43
2016-04-20T14:00:00.000Z,龙赛医院,68,45
2016-04-20T14:00:00.000Z,三江中学,63,45
2016-04-20T14:00:00.000Z,钱湖水厂,33,23
2016-04-20T14:00:00.000Z,太古小学,41,26
2016-04-20T14:00:00.000Z,市环境监测中心,54,38
2016-04-20T14:00:00.000Z,万里国际学校,42,29
2016-04-20T15:00:00.000Z,选择监测点,55,39
2016-04-20T15:00:00.000Z,区环保大楼,35,24
2016-04-20T15:00:00.000Z,万里学院,59,42
2016-04-20T15:00:00.000Z,龙赛医院,88,65
2016-04-20T15:00:00.000Z,三江中学,69,50
2016-04-20T15:00:00.000Z,钱湖水厂,33,22
2016-04-20T15:00:00.000Z,太古小学,52,36
2016-04-20T15:00:00.000Z,市环境监测中心,60,43
2016-04-20T15:00:00.000Z,万里国际学校,47,31
2016-04-20T16:00:00.000Z,选择监测点,52,36
2016-04-20T16:00:00.000Z,区环保大楼,32,22
2016-04-20T16:00:00.000Z,万里学院,58,41
2016-04-20T16:00:00.000Z,龙赛医院,62,42
2016-04-20T16:00:00.000Z,三江中学,60,43
2016-04-20T16:00:00.000Z,钱湖水厂,32,22
2016-04-20T16:00:00.000Z,太古小学,52,32
2016-04-20T16:00:00.000Z,市环境监测中心,68,49
2016-04-20T16:00:00.000Z,万里国际学校,53,37
2016-04-20T17:00:00.000Z,选择监测点,57,40
2016-04-20T17:00:00.000Z,区环保大楼,48,33
2016-04-20T17:00:00.000Z,万里学院,54,38
2016-04-20T17:00:00.000Z,龙赛医院,68,49
2016-04-20T17:00:00.000Z,三江中学,52,36
2016-04-20T17:00:00.000Z,钱湖水厂,32,22
2016-04-20T17:00:00.000Z,太古小学,49,34
2016-04-20T17:00:00.000Z,市环境监测中心,64,46
2016-04-20T17:00:00.000Z,万里国际学校,92,68
2016-04-20T18:00:00.000Z,选择监测点,54,38
2016-04-20T18:00:00.000Z,区环保大楼,52,36
2016-04-20T18:00:00.000Z,万里学院,54,38
2016-04-20T18:00:00.000Z,龙赛医院,52,35
2016-04-20T18:00:00.000Z,三江中学,68,49
2016-04-20T18:00:00.000Z,钱湖水厂,32,22
2016-04-20T18:00:00.000Z,太古小学,49,34
2016-04-20T18:00:00.000Z,市环境监测中心,63,45
2016-04-20T18:00:00.000Z,万里国际学校,68,49
2016-04-20T19:00:00.000Z,选择监测点,61,43
2016-04-20T19:00:00.000Z,区环保大楼,53,37
2016-04-20T19:00:00.000Z,万里学院,64,46
2016-04-20T19:00:00.000Z,龙赛医院,59,42
2016-04-20T19:00:00.000Z,三江中学,73,53
2016-04-20T19:00:00.000Z,钱湖水厂,65,47
2016-04-20T19:00:00.000Z,太古小学,54,38
2016-04-20T19:00:00.000Z,市环境监测中心,62,44
2016-04-20T19:00:00.000Z,万里国际学校,62,44
2016-04-20T20:00:00.000Z,选择监测点,53,38
2016-04-20T20:00:00.000Z,区环保大楼,39,27
2016-04-20T20:00:00.000Z,万里学院,70,51
2016-04-20T20:00:00.000Z,龙赛医院,73,53
2016-04-20T20:00:00.000Z,三江中学,60,43
2016-04-20T20:00:00.000Z,钱湖水厂,32,22
2016-04-20T20:00:00.000Z,太古小学,50,35
2016-04-20T20:00:00.000Z,市环境监测中心,58,41
2016-04-20T20:00:00.000Z,万里国际学校,49,34
2016-04-20T21:00:00.000Z,选择监测点,45,31
2016-04-20T21:00:00.000Z,区环保大楼,40,28
2016-04-20T21:00:00.000Z,万里学院,59,42
2016-04-20T21:00:00.000Z,龙赛医院,52,36
2016-04-20T21:00:00.000Z,三江中学,58,41
2016-04-20T21:00:00.000Z,钱湖水厂,26,18
2016-04-20T21:00:00.000Z,太古小学,48,33
2016-04-20T21:00:00.000Z,市环境监测中心,48,33
2016-04-20T21:00:00.000Z,万里国际学校,32,22
2016-04-20T22:00:00.000Z,选择监测点,40,27
2016-04-20T22:00:00.000Z,区环保大楼,50,35
2016-04-20T22:00:00.000Z,万里学院,42,29
2016-04-20T22:00:00.000Z,龙赛医院,37,24
2016-04-20T22:00:00.000Z,三江中学,39,27
2016-04-20T22:00:00.000Z,钱湖水厂,28,19
2016-04-20T22:00:00.000Z,太古小学,45,31
2016-04-20T22:00:00.000Z,市环境监测中心,42,29
2016-04-20T22:00:00.000Z,万里国际学校,39,27
2016-04-20T23:00:00.000Z,选择监测点,39,26
2016-04-20T23:00:00.000Z,区环保大楼,45,31
2016-04-20T23:00:00.000Z,万里学院,35,24
2016-04-20T23:00:00.000Z,龙赛医院,32,20
2016-04-20T23:00:00.000Z,三江中学,39,27
2016-04-20T23:00:00.000Z,钱湖水厂,32,22
2016-04-20T23:00:00.000Z,太古小学,39,27
2016-04-20T23:00:00.000Z,市环境监测中心,46,32
2016-04-20T23:00:00.000Z,万里国际学校,46,32
2016-04-21T00:00:00.000Z,选择监测点,41,28
2016-04-21T00:00:00.000Z,区环保大楼,53,37
2016-04-21T00:00:00.000Z,万里学院,38,26
2016-04-21T00:00:00.000Z,龙赛医院,40,26
2016-04-21T00:00:00.000Z,三江中学,32,22
2016-04-21T00:00:00.000Z,钱湖水厂,60,43
2016-04-21T00:00:00.000Z,太古小学,33,23
2016-04-21T00:00:00.000Z,市环境监测中心,45,31
2016-04-21T00:00:00.000Z,万里国际学校,29,20
2016-04-21T01:00:00.000Z,选择监测点,35,24
2016-04-21T01:00:00.000Z,区环保大楼,40,28
2016-04-21T01:00:00.000Z,万里学院,32,22
2016-04-21T01:00:00.000Z,龙赛医院,38,26
2016-04-21T01:00:00.000Z,三江中学,29,20
2016-04-21T01:00:00.000Z,钱湖水厂,48,33
2016-04-21T01:00:00.000Z,太古小学,29,20
2016-04-21T01:00:00.000Z,市环境监测中心,35,24
2016-04-21T01:00:00.000Z,万里国际学校,30,21
2016-04-21T02:00:00.000Z,选择监测点,26,14
2016-04-21T02:00:00.000Z,区环保大楼,28,19
2016-04-21T02:00:00.000Z,万里学院,24,11
2016-04-21T02:00:00.000Z,龙赛医院,29,17
2016-04-21T02:00:00.000Z,三江中学,26,12
2016-04-21T02:00:00.000Z,钱湖水厂,27,16
2016-04-21T02:00:00.000Z,太古小学,27,14
2016-04-21T02:00:00.000Z,市环境监测中心,26,16
2016-04-21T02:00:00.000Z,万里国际学校,26,10
2016-04-21T03:00:00.000Z,选择监测点,26,14
2016-04-21T03:00:00.000Z,区环保大楼,26,18
2016-04-21T03:00:00.000Z,万里学院,23,13
2016-04-21T03:00:00.000Z,龙赛医院,33,23
2016-04-21T03:00:00.000Z,三江中学,25,13
2016-04-21T03:00:00.000Z,钱湖水厂,26,11
2016-04-21T03:00:00.000Z,太古小学,27,14
2016-04-21T03:00:00.000Z,市环境监测中心,28,17
2016-04-21T03:00:00.000Z,万里国际学校,27,8
2016-04-21T04:00:00.000Z,选择监测点,27,18
2016-04-21T04:00:00.000Z,区环保大楼,28,19
2016-04-21T04:00:00.000Z,万里学院,28,19
2016-04-21T04:00:00.000Z,龙赛医院,33,23
2016-04-21T04:00:00.000Z,三江中学,26,18
2016-04-21T04:00:00.000Z,钱湖水厂,25,17
2016-04-21T04:00:00.000Z,太古小学,26,18
2016-04-21T04:00:00.000Z,市环境监测中心,31,21
2016-04-21T04:00:00.000Z,万里国际学校,25,15
2016-04-21T05:00:00.000Z,选择监测点,29,20
2016-04-21T05:00:00.000Z,区环保大楼,22,15
2016-04-21T05:00:00.000Z,万里学院,28,19
2016-04-21T05:00:00.000Z,龙赛医院,30,21
2016-04-21T05:00:00.000Z,三江中学,26,18
2016-04-21T05:00:00.000Z,钱湖水厂,40,28
2016-04-21T05:00:00.000Z,太古小学,26,18
2016-04-21T05:00:00.000Z,市环境监测中心,31,19
2016-04-21T05:00:00.000Z,万里国际学校,32,22
2016-04-21T06:00:00.000Z,选择监测点,32,21
2016-04-21T06:00:00.000Z,区环保大楼,30,21
2016-04-21T06:00:00.000Z,万里学院,29,20
2016-04-21T06:00:00.000Z,龙赛医院,45,31
2016-04-21T06:00:00.000Z,三江中学,25,17
2016-04-21T06:00:00.000Z,钱湖水厂,40,24
2016-04-21T06:00:00.000Z,太古小学,26,18
2016-04-21T06:00:00.000Z,市环境监测中心,34,20
2016-04-21T06:00:00.000Z,万里国际学校,32,22
2016-04-21T07:00:00.000Z,选择监测点,40,28
2016-04-21T07:00:00.000Z,区环保大楼,45,31
2016-04-21T07:00:00.000Z,万里学院,38,26
2016-04-21T07:00:00.000Z,龙赛医院,57,40
2016-04-21T07:00:00.000Z,三江中学,35,24
2016-04-21T07:00:00.000Z,钱湖水厂,46,32
2016-04-21T07:00:00.000Z,太古小学,33,23
2016-04-21T07:00:00.000Z,市环境监测中心,38,25
2016-04-21T07:00:00.000Z,万里国际学校,33,23
2016-04-21T08:00:00.000Z,选择监测点,54,38
2016-04-21T08:00:00.000Z,区环保大楼,64,46
2016-04-21T08:00:00.000Z,万里学院,53,37
2016-04-21T08:00:00.000Z,龙赛医院,72,52
2016-04-21T08:00:00.000Z,三江中学,52,36
2016-04-21T08:00:00.000Z,钱湖水厂,57,40
2016-04-21T08:00:00.000Z,太古小学,46,32
2016-04-21T08:00:00.000Z,市环境监测中心,48,33
2016-04-21T08:00:00.000Z,万里国际学校,45,31
2016-04-21T09:00:00.000Z,选择监测点,64,46
2016-04-21T09:00:00.000Z,区环保大楼,72,52
2016-04-21T09:00:00.000Z,万里学院,58,41
2016-04-21T09:00:00.000Z,龙赛医院,52,36
2016-04-21T09:00:00.000Z,三江中学,82,60
2016-04-21T09:00:00.000Z,钱湖水厂,80,59
2016-04-21T09:00:00.000Z,太古小学,55,39
2016-04-21T09:00:00.000Z,市环境监测中心,49,34
2016-04-21T09:00:00.000Z,万里国际学校,67,48
2016-04-21T10:00:00.000Z,选择监测点,57,40
2016-04-21T10:00:00.000Z,区环保大楼,53,37
2016-04-21T10:00:00.000Z,万里学院,53,37
2016-04-21T10:00:00.000Z,龙赛医院,62,44
2016-04-21T10:00:00.000Z,三江中学,49,34
2016-04-21T10:00:00.000Z,钱湖水厂,84,62
2016-04-21T10:00:00.000Z,太古小学,53,37
2016-04-21T10:00:00.000Z,市环境监测中心,45,31
2016-04-21T10:00:00.000Z,万里国际学校,62,44
2016-04-21T11:00:00.000Z,选择监测点,57,40
2016-04-21T11:00:00.000Z,区环保大楼,58,41
2016-04-21T11:00:00.000Z,万里学院,46,32
2016-04-21T11:00:00.000Z,龙赛医院,69,50
2016-04-21T11:00:00.000Z,三江中学,48,33
2016-04-21T11:00:00.000Z,钱湖水厂,74,54
2016-04-21T11:00:00.000Z,太古小学,55,39
2016-04-21T11:00:00.000Z,市环境监测中心,48,32
2016-04-21T11:00:00.000Z,万里国际学校,60,43
2016-04-21T12:00:00.000Z,选择监测点,62,44
2016-04-21T12:00:00.000Z,区环保大楼,69,50
2016-04-21T12:00:00.000Z,万里学院,55,39
2016-04-21T12:00:00.000Z,龙赛医院,63,45
2016-04-21T12:00:00.000Z,三江中学,58,41
2016-04-21T12:00:00.000Z,钱湖水厂,73,53
2016-04-21T12:00:00.000Z,太古小学,58,41
2016-04-21T12:00:00.000Z,市环境监测中心,53,37
2016-04-21T12:00:00.000Z,万里国际学校,70,51
2016-04-21T13:00:00.000Z,选择监测点,70,51
2016-04-21T13:00:00.000Z,区环保大楼,69,50
2016-04-21T13:00:00.000Z,万里学院,64,46
2016-04-21T13:00:00.000Z,龙赛医院,77,56
2016-04-21T13:00:00.000Z,三江中学,62,44
2016-04-21T13:00:00.000Z,钱湖水厂,87,64
2016-04-21T13:00:00.000Z,太古小学,59,42
2016-04-21T13:00:00.000Z,市环境监测中心,72,52
2016-04-21T13:00:00.000Z,万里国际学校,77,56
2016-04-21T14:00:00.000Z,选择监测点,70,49
2016-04-21T14:00:00.000Z,区环保大楼,62,44
2016-04-21T14:00:00.000Z,万里学院,68,49
2016-04-21T14:00:00.000Z,龙赛医院,98,73
2016-04-21T14:00:00.000Z,三江中学,69,50
2016-04-21T14:00:00.000Z,钱湖水厂,49,27
2016-04-21T14:00:00.000Z,太古小学,67,48
2016-04-21T14:00:00.000Z,市环境监测中心,74,54
2016-04-21T14:00:00.000Z,万里国际学校,74,54
2016-04-21T15:00:00.000Z,选择监测点,70,50
2016-04-21T15:00:00.000Z,区环保大楼,55,37
2016-04-21T15:00:00.000Z,万里学院,69,50
2016-04-21T15:00:00.000Z,龙赛医院,98,73
2016-04-21T15:00:00.000Z,三江中学,75,55
2016-04-21T15:00:00.000Z,钱湖水厂,46,26
2016-04-21T15:00:00.000Z,太古小学,70,51
2016-04-21T15:00:00.000Z,市环境监测中心,74,54
2016-04-21T15:00:00.000Z,万里国际学校,74,54
2016-04-21T16:00:00.000Z,选择监测点,73,52
2016-04-21T16:00:00.000Z,区环保大楼,51,28
2016-04-21T16:00:00.000Z,万里学院,70,51
2016-04-21T16:00:00.000Z,龙赛医院,98,73
2016-04-21T16:00:00.000Z,三江中学,83,61
2016-04-21T16:00:00.000Z,钱湖水厂,55,38
2016-04-21T16:00:00.000Z,太古小学,79,58
2016-04-21T16:00:00.000Z,市环境监测中心,80,59
2016-04-21T16:00:00.000Z,万里国际学校,73,53
2016-04-21T17:00:00.000Z,选择监测点,69,49
2016-04-21T17:00:00.000Z,区环保大楼,47,27
2016-04-21T17:00:00.000Z,万里学院,53,36
2016-04-21T17:00:00.000Z,龙赛医院,89,66
2016-04-21T17:00:00.000Z,三江中学,73,53
2016-04-21T17:00:00.000Z,钱湖水厂,82,60
2016-04-21T17:00:00.000Z,太古小学,67,48
2016-04-21T17:00:00.000Z,市环境监测中心,69,50
2016-04-21T17:00:00.000Z,万里国际学校,77,56
2016-04-21T18:00:00.000Z,选择监测点,63,43
2016-04-21T18:00:00.000Z,区环保大楼,49,27
2016-04-21T18:00:00.000Z,万里学院,64,46
2016-04-21T18:00:00.000Z,龙赛医院,77,56
2016-04-21T18:00:00.000Z,三江中学,50,32
2016-04-21T18:00:00.000Z,钱湖水厂,94,70
2016-04-21T18:00:00.000Z,太古小学,57,40
2016-04-21T18:00:00.000Z,市环境监测中心,55,34
2016-04-21T18:00:00.000Z,万里国际学校,64,46
2016-04-21T19:00:00.000Z,选择监测点,62,42
2016-04-21T19:00:00.000Z,区环保大楼,51,29
2016-04-21T19:00:00.000Z,万里学院,53,37
2016-04-21T19:00:00.000Z,龙赛医院,68,49
2016-04-21T19:00:00.000Z,三江中学,47,30
2016-04-21T19:00:00.000Z,钱湖水厂,108,81
2016-04-21T19:00:00.000Z,太古小学,62,44
2016-04-21T19:00:00.000Z,市环境监测中心,53,30
2016-04-21T19:00:00.000Z,万里国际学校,59,42
2016-04-21T20:00:00.000Z,选择监测点,59,39
2016-04-21T20:00:00.000Z,区环保大楼,53,31
2016-04-21T20:00:00.000Z,万里学院,44,29
2016-04-21T20:00:00.000Z,龙赛医院,75,55
2016-04-21T20:00:00.000Z,三江中学,43,26
2016-04-21T20:00:00.000Z,钱湖水厂,98,73
2016-04-21T20:00:00.000Z,太古小学,56,37
2016-04-21T20:00:00.000Z,市环境监测中心,52,28
2016-04-21T20:00:00.000Z,万里国际学校,55,39
2016-04-21T21:00:00.000Z,选择监测点,59,40
2016-04-21T21:00:00.000Z,区环保大楼,55,33
2016-04-21T21:00:00.000Z,万里学院,43,30
2016-04-21T21:00:00.000Z,龙赛医院,97,72
2016-04-21T21:00:00.000Z,三江中学,48,31
2016-04-21T21:00:00.000Z,钱湖水厂,77,56
2016-04-21T21:00:00.000Z,太古小学,50,32
2016-04-21T21:00:00.000Z,市环境监测中心,54,32
2016-04-21T21:00:00.000Z,万里国际学校,54,38
2016-04-21T22:00:00.000Z,选择监测点,50,34
2016-04-21T22:00:00.000Z,区环保大楼,56,35
2016-04-21T22:00:00.000Z,万里学院,40,27
2016-04-21T22:00:00.000Z,龙赛医院,82,60
2016-04-21T22:00:00.000Z,三江中学,46,30
2016-04-21T22:00:00.000Z,钱湖水厂,45,31
2016-04-21T22:00:00.000Z,太古小学,39,27
2016-04-21T22:00:00.000Z,市环境监测中心,53,33
2016-04-21T22:00:00.000Z,万里国际学校,43,30
2016-04-21T23:00:00.000Z,选择监测点,55,38
2016-04-21T23:00:00.000Z,区环保大楼,60,41
2016-04-21T23:00:00.000Z,万里学院,77,56
2016-04-21T23:00:00.000Z,龙赛医院,74,54
2016-04-21T23:00:00.000Z,三江中学,48,32
2016-04-21T23:00:00.000Z,钱湖水厂,35,24
2016-04-21T23:00:00.000Z,太古小学,38,26
2016-04-21T23:00:00.000Z,市环境监测中心,54,35
2016-04-21T23:00:00.000Z,万里国际学校,55,39
2016-04-22T00:00:00.000Z,选择监测点,61,43
2016-04-22T00:00:00.000Z,区环保大楼,73,53
2016-04-22T00:00:00.000Z,万里学院,65,47
2016-04-22T00:00:00.000Z,龙赛医院,80,59
2016-04-22T00:00:00.000Z,三江中学,46,30
2016-04-22T00:00:00.000Z,钱湖水厂,39,27
2016-04-22T00:00:00.000Z,太古小学,58,41
2016-04-22T00:00:00.000Z,市环境监测中心,53,35
2016-04-22T00:00:00.000Z,万里国际学校,74,54
2016-04-22T01:00:00.000Z,选择监测点,65,46
2016-04-22T01:00:00.000Z,区环保大楼,80,59
2016-04-22T01:00:00.000Z,万里学院,50,35
2016-04-22T01:00:00.000Z,龙赛医院,78,57
2016-04-22T01:00:00.000Z,三江中学,50,31
2016-04-22T01:00:00.000Z,钱湖水厂,77,56
2016-04-22T01:00:00.000Z,太古小学,46,32
2016-04-22T01:00:00.000Z,市环境监测中心,53,34
2016-04-22T01:00:00.000Z,万里国际学校,88,65
2016-04-22T02:00:00.000Z,选择监测点,60,42
2016-04-22T02:00:00.000Z,区环保大楼,83,61
2016-04-22T02:00:00.000Z,万里学院,43,29
2016-04-22T02:00:00.000Z,龙赛医院,73,53
2016-04-22T02:00:00.000Z,三江中学,54,33
2016-04-22T02:00:00.000Z,钱湖水厂,80,59
2016-04-22T02:00:00.000Z,太古小学,40,28
2016-04-22T02:00:00.000Z,市环境监测中心,55,35
2016-04-22T02:00:00.000Z,万里国际学校,57,40
2016-04-22T03:00:00.000Z,选择监测点,60,43
2016-04-22T03:00:00.000Z,区环保大楼,81,59
2016-04-22T03:00:00.000Z,万里学院,53,37
2016-04-22T03:00:00.000Z,龙赛医院,68,49
2016-04-22T03:00:00.000Z,三江中学,66,46
2016-04-22T03:00:00.000Z,钱湖水厂,48,33
2016-04-22T03:00:00.000Z,太古小学,55,39
2016-04-22T03:00:00.000Z,市环境监测中心,60,42
2016-04-22T03:00:00.000Z,万里国际学校,55,39
2016-04-22T04:00:00.000Z,选择监测点,60,43
2016-04-22T04:00:00.000Z,区环保大楼,81,59
2016-04-22T04:00:00.000Z,万里学院,53,37
2016-04-22T04:00:00.000Z,龙赛医院,68,49
2016-04-22T04:00:00.000Z,三江中学,66,46
2016-04-22T04:00:00.000Z,钱湖水厂,48,33
2016-04-22T04:00:00.000Z,太古小学,55,39
2016-04-22T04:00:00.000Z,市环境监测中心,60,42
2016-04-22T04:00:00.000Z,万里国际学校,55,39
2016-04-22T05:00:00.000Z,选择监测点,97,40
2016-04-22T05:00:00.000Z,区环保大楼,103,43
2016-04-22T05:00:00.000Z,万里学院,89,44
2016-04-22T05:00:00.000Z,龙赛医院,109,44
2016-04-22T05:00:00.000Z,三江中学,109,45
2016-04-22T05:00:00.000Z,钱湖水厂,103,23
2016-04-22T05:00:00.000Z,太古小学,104,34
2016-04-22T05:00:00.000Z,市环境监测中心,73,53
2016-04-22T05:00:00.000Z,万里国际学校,88,35
2016-04-22T06:00:00.000Z,选择监测点,99,34
2016-04-22T06:00:00.000Z,区环保大楼,98,32
2016-04-22T06:00:00.000Z,万里学院,94,34
2016-04-22T06:00:00.000Z,龙赛医院,120,37
2016-04-22T06:00:00.000Z,三江中学,110,43
2016-04-22T06:00:00.000Z,钱湖水厂,107,24
2016-04-22T06:00:00.000Z,太古小学,105,35
2016-04-22T06:00:00.000Z,市环境监测中心,77,39
2016-04-22T06:00:00.000Z,万里国际学校,88,32
2016-04-22T07:00:00.000Z,选择监测点,97,31
2016-04-22T07:00:00.000Z,区环保大楼,99,29
2016-04-22T07:00:00.000Z,万里学院,99,33
2016-04-22T07:00:00.000Z,龙赛医院,102,29
2016-04-22T07:00:00.000Z,三江中学,107,40
2016-04-22T07:00:00.000Z,钱湖水厂,110,24
2016-04-22T07:00:00.000Z,太古小学,106,34
2016-04-22T07:00:00.000Z,市环境监测中心,68,34
2016-04-22T07:00:00.000Z,万里国际学校,85,29
2016-04-22T08:00:00.000Z,选择监测点,92,30
2016-04-22T08:00:00.000Z,区环保大楼,97,24
2016-04-22T08:00:00.000Z,万里学院,92,33
2016-04-22T08:00:00.000Z,龙赛医院,101,26
2016-04-22T08:00:00.000Z,三江中学,103,38
2016-04-22T08:00:00.000Z,钱湖水厂,110,25
2016-04-22T08:00:00.000Z,太古小学,101,34
2016-04-22T08:00:00.000Z,市环境监测中心,57,32
2016-04-22T08:00:00.000Z,万里国际学校,82,29
2016-04-22T09:00:00.000Z,选择监测点,85,31
2016-04-22T09:00:00.000Z,区环保大楼,84,29
2016-04-22T09:00:00.000Z,万里学院,87,35
2016-04-22T09:00:00.000Z,龙赛医院,84,25
2016-04-22T09:00:00.000Z,三江中学,99,37
2016-04-22T09:00:00.000Z,钱湖水厂,109,28
2016-04-22T09:00:00.000Z,太古小学,90,35
2016-04-22T09:00:00.000Z,市环境监测中心,58,32
2016-04-22T09:00:00.000Z,万里国际学校,70,30
2016-04-22T10:00:00.000Z,选择监测点,75,39
2016-04-22T10:00:00.000Z,区环保大楼,72,42
2016-04-22T10:00:00.000Z,万里学院,75,41
2016-04-22T10:00:00.000Z,龙赛医院,83,35
2016-04-22T10:00:00.000Z,三江中学,78,43
2016-04-22T10:00:00.000Z,钱湖水厂,105,30
2016-04-22T10:00:00.000Z,太古小学,68,45
2016-04-22T10:00:00.000Z,市环境监测中心,62,37
2016-04-22T10:00:00.000Z,万里国际学校,59,39
2016-04-22T11:00:00.000Z,选择监测点,68,43
2016-04-22T11:00:00.000Z,区环保大楼,69,46
2016-04-22T11:00:00.000Z,万里学院,60,43
2016-04-22T11:00:00.000Z,龙赛医院,66,45
2016-04-22T11:00:00.000Z,三江中学,63,45
2016-04-22T11:00:00.000Z,钱湖水厂,101,35
2016-04-22T11:00:00.000Z,太古小学,69,50
2016-04-22T11:00:00.000Z,市环境监测中心,62,38
2016-04-22T11:00:00.000Z,万里国际学校,59,42
2016-04-22T12:00:00.000Z,选择监测点,70,46
2016-04-22T12:00:00.000Z,区环保大楼,67,39
2016-04-22T12:00:00.000Z,万里学院,73,53
2016-04-22T12:00:00.000Z,龙赛医院,68,49
2016-04-22T12:00:00.000Z,三江中学,67,48
2016-04-22T12:00:00.000Z,钱湖水厂,93,42
2016-04-22T12:00:00.000Z,太古小学,69,50
2016-04-22T12:00:00.000Z,市环境监测中心,64,43
2016-04-22T12:00:00.000Z,万里国际学校,64,46
2016-04-22T13:00:00.000Z,选择监测点,67,43
2016-04-22T13:00:00.000Z,区环保大楼,64,38
2016-04-22T13:00:00.000Z,万里学院,68,49
2016-04-22T13:00:00.000Z,龙赛医院,64,35
2016-04-22T13:00:00.000Z,三江中学,67,48
2016-04-22T13:00:00.000Z,钱湖水厂,84,41
2016-04-22T13:00:00.000Z,太古小学,67,48
2016-04-22T13:00:00.000Z,市环境监测中心,65,45
2016-04-22T13:00:00.000Z,万里国际学校,64,46
2016-04-22T14:00:00.000Z,选择监测点,62,39
2016-04-22T14:00:00.000Z,区环保大楼,67,38
2016-04-22T14:00:00.000Z,万里学院,58,41
2016-04-22T14:00:00.000Z,龙赛医院,57,33
2016-04-22T14:00:00.000Z,三江中学,62,44
2016-04-22T14:00:00.000Z,钱湖水厂,72,38
2016-04-22T14:00:00.000Z,太古小学,63,45
2016-04-22T14:00:00.000Z,市环境监测中心,63,40
2016-04-22T14:00:00.000Z,万里国际学校,55,39
2016-04-22T15:00:00.000Z,选择监测点,62,37
2016-04-22T15:00:00.000Z,区环保大楼,62,37
2016-04-22T15:00:00.000Z,万里学院,60,43
2016-04-22T15:00:00.000Z,龙赛医院,63,30
2016-04-22T15:00:00.000Z,三江中学,61,43
2016-04-22T15:00:00.000Z,钱湖水厂,79,38
2016-04-22T15:00:00.000Z,太古小学,59,42
2016-04-22T15:00:00.000Z,市环境监测中心,63,38
2016-04-22T15:00:00.000Z,万里国际学校,52,31
2016-04-22T16:00:00.000Z,选择监测点,61,41
2016-04-22T16:00:00.000Z,区环保大楼,61,35
2016-04-22T16:00:00.000Z,万里学院,73,53
2016-04-22T16:00:00.000Z,龙赛医院,57,36
2016-04-22T16:00:00.000Z,三江中学,63,42
2016-04-22T16:00:00.000Z,钱湖水厂,57,40
2016-04-22T16:00:00.000Z,太古小学,64,46
2016-04-22T16:00:00.000Z,市环境监测中心,63,41
2016-04-22T16:00:00.000Z,万里国际学校,55,39
2016-04-22T17:00:00.000Z,选择监测点,56,33
2016-04-22T17:00:00.000Z,区环保大楼,52,27
2016-04-22T17:00:00.000Z,万里学院,53,37
2016-04-22T17:00:00.000Z,龙赛医院,48,25
2016-04-22T17:00:00.000Z,三江中学,56,38
2016-04-22T17:00:00.000Z,钱湖水厂,74,22
2016-04-22T17:00:00.000Z,太古小学,53,37
2016-04-22T17:00:00.000Z,市环境监测中心,63,43
2016-04-22T17:00:00.000Z,万里国际学校,52,36
2016-04-22T18:00:00.000Z,选择监测点,51,26
2016-04-22T18:00:00.000Z,区环保大楼,45,22
2016-04-22T18:00:00.000Z,万里学院,48,26
2016-04-22T18:00:00.000Z,龙赛医院,44,22
2016-04-22T18:00:00.000Z,三江中学,52,31
2016-04-22T18:00:00.000Z,钱湖水厂,72,19
2016-04-22T18:00:00.000Z,太古小学,49,34
2016-04-22T18:00:00.000Z,市环境监测中心,57,32
2016-04-22T18:00:00.000Z,万里国际学校,47,23
2016-04-22T19:00:00.000Z,选择监测点,51,25
2016-04-22T19:00:00.000Z,区环保大楼,42,22
2016-04-22T19:00:00.000Z,万里学院,49,26
2016-04-22T19:00:00.000Z,龙赛医院,44,26
2016-04-22T19:00:00.000Z,三江中学,46,27
2016-04-22T19:00:00.000Z,钱湖水厂,79,21
2016-04-22T19:00:00.000Z,太古小学,46,29
2016-04-22T19:00:00.000Z,市环境监测中心,56,31
2016-04-22T19:00:00.000Z,万里国际学校,48,21
2016-04-22T20:00:00.000Z,选择监测点,49,29
2016-04-22T20:00:00.000Z,区环保大楼,45,19
2016-04-22T20:00:00.000Z,万里学院,48,29
2016-04-22T20:00:00.000Z,龙赛医院,56,39
2016-04-22T20:00:00.000Z,三江中学,51,30
2016-04-22T20:00:00.000Z,钱湖水厂,53,23
2016-04-22T20:00:00.000Z,太古小学,47,32
2016-04-22T20:00:00.000Z,市环境监测中心,57,35
2016-04-22T20:00:00.000Z,万里国际学校,40,28
2016-04-22T21:00:00.000Z,选择监测点,52,33
2016-04-22T21:00:00.000Z,区环保大楼,45,24
2016-04-22T21:00:00.000Z,万里学院,49,34
2016-04-22T21:00:00.000Z,龙赛医院,51,31
2016-04-22T21:00:00.000Z,三江中学,53,35
2016-04-22T21:00:00.000Z,钱湖水厂,49,27
2016-04-22T21:00:00.000Z,太古小学,53,37
2016-04-22T21:00:00.000Z,市环境监测中心,58,38
2016-04-22T21:00:00.000Z,万里国际学校,58,41
2016-04-22T22:00:00.000Z,选择监测点,57,38
2016-04-22T22:00:00.000Z,区环保大楼,40,16
2016-04-22T22:00:00.000Z,万里学院,68,49
2016-04-22T22:00:00.000Z,龙赛医院,45,22
2016-04-22T22:00:00.000Z,三江中学,67,48
2016-04-22T22:00:00.000Z,钱湖水厂,58,41
2016-04-22T22:00:00.000Z,太古小学,64,46
2016-04-22T22:00:00.000Z,市环境监测中心,67,48
2016-04-22T22:00:00.000Z,万里国际学校,52,36
2016-04-22T23:00:00.000Z,选择监测点,50,32
2016-04-22T23:00:00.000Z,区环保大楼,42,22
2016-04-22T23:00:00.000Z,万里学院,63,45
2016-04-22T23:00:00.000Z,龙赛医院,44,23
2016-04-22T23:00:00.000Z,三江中学,47,31
2016-04-22T23:00:00.000Z,钱湖水厂,55,39
2016-04-22T23:00:00.000Z,太古小学,45,31
2016-04-22T23:00:00.000Z,市环境监测中心,54,33
2016-04-22T23:00:00.000Z,万里国际学校,50,35
2016-04-23T00:00:00.000Z,选择监测点,52,34
2016-04-23T00:00:00.000Z,区环保大楼,50,26
2016-04-23T00:00:00.000Z,万里学院,54,38
2016-04-23T00:00:00.000Z,龙赛医院,48,26
2016-04-23T00:00:00.000Z,三江中学,53,35
2016-04-23T00:00:00.000Z,钱湖水厂,59,42
2016-04-23T00:00:00.000Z,太古小学,48,33
2016-04-23T00:00:00.000Z,市环境监测中心,57,39
2016-04-23T00:00:00.000Z,万里国际学校,52,36
2016-04-23T01:00:00.000Z,选择监测点,57,38
2016-04-23T01:00:00.000Z,区环保大楼,53,29
2016-04-23T01:00:00.000Z,万里学院,80,59
2016-04-23T01:00:00.000Z,龙赛医院,50,26
2016-04-23T01:00:00.000Z,三江中学,45,29
2016-04-23T01:00:00.000Z,钱湖水厂,60,43
2016-04-23T01:00:00.000Z,太古小学,60,43
2016-04-23T01:00:00.000Z,市环境监测中心,65,47
2016-04-23T01:00:00.000Z,万里国际学校,43,30
2016-04-23T02:00:00.000Z,选择监测点,63,44
2016-04-23T02:00:00.000Z,区环保大楼,35,18
2016-04-23T02:00:00.000Z,万里学院,77,56
2016-04-23T02:00:00.000Z,龙赛医院,73,53
2016-04-23T02:00:00.000Z,三江中学,54,37
2016-04-23T02:00:00.000Z,钱湖水厂,55,39
2016-04-23T02:00:00.000Z,太古小学,70,51
2016-04-23T02:00:00.000Z,市环境监测中心,78,57
2016-04-23T02:00:00.000Z,万里国际学校,64,46
2016-04-23T03:00:00.000Z,选择监测点,59,41
2016-04-23T03:00:00.000Z,区环保大楼,43,22
2016-04-23T03:00:00.000Z,万里学院,74,54
2016-04-23T03:00:00.000Z,龙赛医院,63,45
2016-04-23T03:00:00.000Z,三江中学,62,44
2016-04-23T03:00:00.000Z,钱湖水厂,40,28
2016-04-23T03:00:00.000Z,太古小学,62,44
2016-04-23T03:00:00.000Z,市环境监测中心,79,58
2016-04-23T03:00:00.000Z,万里国际学校,53,37
2016-04-23T04:00:00.000Z,选择监测点,54,36
2016-04-23T04:00:00.000Z,区环保大楼,72,49
2016-04-23T04:00:00.000Z,万里学院,60,43
2016-04-23T04:00:00.000Z,龙赛医院,63,45
2016-04-23T04:00:00.000Z,三江中学,48,32
2016-04-23T04:00:00.000Z,钱湖水厂,34,16
2016-04-23T04:00:00.000Z,太古小学,57,40
2016-04-23T04:00:00.000Z,市环境监测中心,57,39
2016-04-23T04:00:00.000Z,万里国际学校,45,31
2016-04-23T05:00:00.000Z,选择监测点,54,36
2016-04-23T05:00:00.000Z,区环保大楼,66,43
2016-04-23T05:00:00.000Z,万里学院,39,27
2016-04-23T05:00:00.000Z,龙赛医院,68,49
2016-04-23T05:00:00.000Z,三江中学,53,37
2016-04-23T05:00:00.000Z,钱湖水厂,36,13
2016-04-23T05:00:00.000Z,太古小学,46,32
2016-04-23T05:00:00.000Z,市环境监测中心,73,53
2016-04-23T05:00:00.000Z,万里国际学校,57,40
2016-04-23T06:00:00.000Z,选择监测点,59,41
2016-04-23T06:00:00.000Z,区环保大楼,59,35
2016-04-23T06:00:00.000Z,万里学院,38,26
2016-04-23T06:00:00.000Z,龙赛医院,72,52
2016-04-23T06:00:00.000Z,三江中学,53,37
2016-04-23T06:00:00.000Z,钱湖水厂,65,47
2016-04-23T06:00:00.000Z,太古小学,45,31
2016-04-23T06:00:00.000Z,市环境监测中心,77,56
2016-04-23T06:00:00.000Z,万里国际学校,64,46
2016-04-23T07:00:00.000Z,选择监测点,62,44
2016-04-23T07:00:00.000Z,区环保大楼,61,39
2016-04-23T07:00:00.000Z,万里学院,68,49
2016-04-23T07:00:00.000Z,龙赛医院,64,46
2016-04-23T07:00:00.000Z,三江中学,52,36
2016-04-23T07:00:00.000Z,钱湖水厂,67,48
2016-04-23T07:00:00.000Z,太古小学,42,29
2016-04-23T07:00:00.000Z,市环境监测中心,80,59
2016-04-23T07:00:00.000Z,万里国际学校,69,50
2016-04-23T08:00:00.000Z,选择监测点,64,43
2016-04-23T08:00:00.000Z,区环保大楼,63,40
2016-04-23T08:00:00.000Z,万里学院,78,57
2016-04-23T08:00:00.000Z,龙赛医院,68,49
2016-04-23T08:00:00.000Z,三江中学,52,36
2016-04-23T08:00:00.000Z,钱湖水厂,59,29
2016-04-23T08:00:00.000Z,太古小学,52,36
2016-04-23T08:00:00.000Z,市环境监测中心,65,46
2016-04-23T08:00:00.000Z,万里国际学校,79,58
2016-04-23T09:00:00.000Z,选择监测点,65,45
2016-04-23T09:00:00.000Z,区环保大楼,58,35
2016-04-23T09:00:00.000Z,万里学院,58,41
2016-04-23T09:00:00.000Z,龙赛医院,65,47
2016-04-23T09:00:00.000Z,三江中学,73,53
2016-04-23T09:00:00.000Z,钱湖水厂,53,34
2016-04-23T09:00:00.000Z,太古小学,62,44
2016-04-23T09:00:00.000Z,市环境监测中心,64,45
2016-04-23T09:00:00.000Z,万里国际学校,89,66
2016-04-23T10:00:00.000Z,选择监测点,71,51
2016-04-23T10:00:00.000Z,区环保大楼,59,37
2016-04-23T10:00:00.000Z,万里学院,73,53
2016-04-23T10:00:00.000Z,龙赛医院,55,36
2016-04-23T10:00:00.000Z,三江中学,85,63
2016-04-23T10:00:00.000Z,钱湖水厂,55,39
2016-04-23T10:00:00.000Z,太古小学,82,60
2016-04-23T10:00:00.000Z,市环境监测中心,82,60
2016-04-23T10:00:00.000Z,万里国际学校,84,62
2016-04-23T11:00:00.000Z,选择监测点,74,53
2016-04-23T11:00:00.000Z,区环保大楼,63,40
2016-04-23T11:00:00.000Z,万里学院,92,68
2016-04-23T11:00:00.000Z,龙赛医院,57,40
2016-04-23T11:00:00.000Z,三江中学,77,56
2016-04-23T11:00:00.000Z,钱湖水厂,69,50
2016-04-23T11:00:00.000Z,太古小学,77,56
2016-04-23T11:00:00.000Z,市环境监测中心,85,63
2016-04-23T11:00:00.000Z,万里国际学校,72,52
2016-04-23T12:00:00.000Z,选择监测点,60,41
2016-04-23T12:00:00.000Z,区环保大楼,59,35
2016-04-23T12:00:00.000Z,万里学院,70,51
2016-04-23T12:00:00.000Z,龙赛医院,42,28
2016-04-23T12:00:00.000Z,三江中学,80,59
2016-04-23T12:00:00.000Z,钱湖水厂,53,37
2016-04-23T12:00:00.000Z,太古小学,57,40
2016-04-23T12:00:00.000Z,市环境监测中心,69,48
2016-04-23T12:00:00.000Z,万里国际学校,53,37
2016-04-23T13:00:00.000Z,选择监测点,41,22
2016-04-23T13:00:00.000Z,区环保大楼,34,14
2016-04-23T13:00:00.000Z,万里学院,43,30
2016-04-23T13:00:00.000Z,龙赛医院,40,13
2016-04-23T13:00:00.000Z,三江中学,36,20
2016-04-23T13:00:00.000Z,钱湖水厂,40,28
2016-04-23T13:00:00.000Z,太古小学,38,26
2016-04-23T13:00:00.000Z,市环境监测中心,56,29
2016-04-23T13:00:00.000Z,万里国际学校,41,18
2016-04-23T14:00:00.000Z,选择监测点,38,17
2016-04-23T14:00:00.000Z,区环保大楼,38,12
2016-04-23T14:00:00.000Z,万里学院,35,24
2016-04-23T14:00:00.000Z,龙赛医院,36,13
2016-04-23T14:00:00.000Z,三江中学,36,16
2016-04-23T14:00:00.000Z,钱湖水厂,38,20
2016-04-23T14:00:00.000Z,太古小学,36,22
2016-04-23T14:00:00.000Z,市环境监测中心,50,20
2016-04-23T14:00:00.000Z,万里国际学校,37,11
2016-04-23T15:00:00.000Z,选择监测点,38,17
2016-04-23T15:00:00.000Z,区环保大楼,40,10
2016-04-23T15:00:00.000Z,万里学院,34,22
2016-04-23T15:00:00.000Z,龙赛医院,35,15
2016-04-23T15:00:00.000Z,三江中学,33,20
2016-04-23T15:00:00.000Z,钱湖水厂,40,14
2016-04-23T15:00:00.000Z,太古小学,41,18
2016-04-23T15:00:00.000Z,市环境监测中心,48,19
2016-04-23T15:00:00.000Z,万里国际学校,36,19
2016-04-23T16:00:00.000Z,选择监测点,39,14
2016-04-23T16:00:00.000Z,区环保大楼,37,6
2016-04-23T16:00:00.000Z,万里学院,35,23
2016-04-23T16:00:00.000Z,龙赛医院,38,10
2016-04-23T16:00:00.000Z,三江中学,38,15
2016-04-23T16:00:00.000Z,钱湖水厂,40,15
2016-04-23T16:00:00.000Z,太古小学,43,16
2016-04-23T16:00:00.000Z,市环境监测中心,46,18
2016-04-23T16:00:00.000Z,万里国际学校,42,11
2016-04-23T17:00:00.000Z,选择监测点,37,12
2016-04-23T17:00:00.000Z,区环保大楼,31,9
2016-04-23T17:00:00.000Z,万里学院,37,16
2016-04-23T17:00:00.000Z,龙赛医院,37,7
2016-04-23T17:00:00.000Z,三江中学,31,15
2016-04-23T17:00:00.000Z,钱湖水厂,40,14
2016-04-23T17:00:00.000Z,太古小学,43,13
2016-04-23T17:00:00.000Z,市环境监测中心,42,16
2016-04-23T17:00:00.000Z,万里国际学校,40,11
2016-04-23T18:00:00.000Z,选择监测点,37,13
2016-04-23T18:00:00.000Z,区环保大楼,36,10
2016-04-23T18:00:00.000Z,万里学院,35,14
2016-04-23T18:00:00.000Z,龙赛医院,35,10
2016-04-23T18:00:00.000Z,三江中学,32,16
2016-04-23T18:00:00.000Z,钱湖水厂,38,15
2016-04-23T18:00:00.000Z,太古小学,41,13
2016-04-23T18:00:00.000Z,市环境监测中心,41,16
2016-04-23T18:00:00.000Z,万里国际学校,38,11
2016-04-23T19:00:00.000Z,选择监测点,35,17
2016-04-23T19:00:00.000Z,区环保大楼,37,20
2016-04-23T19:00:00.000Z,万里学院,34,16
2016-04-23T19:00:00.000Z,龙赛医院,32,17
2016-04-23T19:00:00.000Z,三江中学,30,20
2016-04-23T19:00:00.000Z,钱湖水厂,34,17
2016-04-23T19:00:00.000Z,太古小学,38,16
2016-04-23T19:00:00.000Z,市环境监测中心,44,20
2016-04-23T19:00:00.000Z,万里国际学校,35,16
2016-04-23T20:00:00.000Z,选择监测点,38,22
2016-04-23T20:00:00.000Z,区环保大楼,37,20
2016-04-23T20:00:00.000Z,万里学院,33,23
2016-04-23T20:00:00.000Z,龙赛医院,34,12
2016-04-23T20:00:00.000Z,三江中学,40,28
2016-04-23T20:00:00.000Z,钱湖水厂,32,20
2016-04-23T20:00:00.000Z,太古小学,35,24
2016-04-23T20:00:00.000Z,市环境监测中心,50,25
2016-04-23T20:00:00.000Z,万里国际学校,47,24
2016-04-23T21:00:00.000Z,选择监测点,45,27
2016-04-23T21:00:00.000Z,区环保大楼,34,15
2016-04-23T21:00:00.000Z,万里学院,50,35
2016-04-23T21:00:00.000Z,龙赛医院,39,13
2016-04-23T21:00:00.000Z,三江中学,49,34
2016-04-23T21:00:00.000Z,钱湖水厂,38,26
2016-04-23T21:00:00.000Z,太古小学,45,31
2016-04-23T21:00:00.000Z,市环境监测中心,53,32
2016-04-23T21:00:00.000Z,万里国际学校,55,30
2016-04-23T22:00:00.000Z,选择监测点,48,29
2016-04-23T22:00:00.000Z,区环保大楼,38,20
2016-04-23T22:00:00.000Z,万里学院,53,37
2016-04-23T22:00:00.000Z,龙赛医院,37,14
2016-04-23T22:00:00.000Z,三江中学,62,44
2016-04-23T22:00:00.000Z,钱湖水厂,53,37
2016-04-23T22:00:00.000Z,太古小学,45,31
2016-04-23T22:00:00.000Z,市环境监测中心,49,25
2016-04-23T22:00:00.000Z,万里国际学校,54,28
2016-04-23T23:00:00.000Z,选择监测点,40,22
2016-04-23T23:00:00.000Z,区环保大楼,31,15
2016-04-23T23:00:00.000Z,万里学院,46,32
2016-04-23T23:00:00.000Z,龙赛医院,41,8
2016-04-23T23:00:00.000Z,三江中学,39,27
2016-04-23T23:00:00.000Z,钱湖水厂,42,29
2016-04-23T23:00:00.000Z,太古小学,43,30
2016-04-23T23:00:00.000Z,市环境监测中心,46,22
2016-04-23T23:00:00.000Z,万里国际学校,35,17
2016-04-24T00:00:00.000Z,选择监测点,39,19
2016-04-24T00:00:00.000Z,区环保大楼,25,8
2016-04-24T00:00:00.000Z,万里学院,40,28
2016-04-24T00:00:00.000Z,龙赛医院,40,6
2016-04-24T00:00:00.000Z,三江中学,42,29
2016-04-24T00:00:00.000Z,钱湖水厂,49,34
2016-04-24T00:00:00.000Z,太古小学,34,18
2016-04-24T00:00:00.000Z,市环境监测中心,51,27
2016-04-24T00:00:00.000Z,万里国际学校,38,6
2016-04-24T01:00:00.000Z,选择监测点,35,11
2016-04-24T01:00:00.000Z,区环保大楼,34,5
2016-04-24T01:00:00.000Z,万里学院,32,10
2016-04-24T01:00:00.000Z,龙赛医院,41,7
2016-04-24T01:00:00.000Z,三江中学,35,11
2016-04-24T01:00:00.000Z,钱湖水厂,34,21
2016-04-24T01:00:00.000Z,太古小学,36,10
2016-04-24T01:00:00.000Z,市环境监测中心,40,18
2016-04-24T01:00:00.000Z,万里国际学校,35,7
2016-04-24T02:00:00.000Z,选择监测点,35,9
2016-04-24T02:00:00.000Z,区环保大楼,37,6
2016-04-24T02:00:00.000Z,万里学院,33,9
2016-04-24T02:00:00.000Z,龙赛医院,39,8
2016-04-24T02:00:00.000Z,三江中学,35,14
2016-04-24T02:00:00.000Z,钱湖水厂,39,9
2016-04-24T02:00:00.000Z,太古小学,33,11
2016-04-24T02:00:00.000Z,市环境监测中心,35,14
2016-04-24T02:00:00.000Z,万里国际学校,35,7
2016-04-24T03:00:00.000Z,选择监测点,33,12
2016-04-24T03:00:00.000Z,区环保大楼,35,12
2016-04-24T03:00:00.000Z,万里学院,31,10
2016-04-24T03:00:00.000Z,龙赛医院,37,15
2016-04-24T03:00:00.000Z,三江中学,33,12
2016-04-24T03:00:00.000Z,钱湖水厂,38,10
2016-04-24T03:00:00.000Z,太古小学,28,14
2016-04-24T03:00:00.000Z,市环境监测中心,35,14
2016-04-24T03:00:00.000Z,万里国际学校,32,10
2016-04-24T04:00:00.000Z,选择监测点,33,15
2016-04-24T04:00:00.000Z,区环保大楼,32,15
2016-04-24T04:00:00.000Z,万里学院,32,11
2016-04-24T04:00:00.000Z,龙赛医院,36,18
2016-04-24T04:00:00.000Z,三江中学,31,18
2016-04-24T04:00:00.000Z,钱湖水厂,40,11
2016-04-24T04:00:00.000Z,太古小学,30,16
2016-04-24T04:00:00.000Z,市环境监测中心,37,17
2016-04-24T04:00:00.000Z,万里国际学校,33,17
2016-04-24T05:00:00.000Z,选择监测点,39,22
2016-04-24T05:00:00.000Z,区环保大楼,45,27
2016-04-24T05:00:00.000Z,万里学院,35,14
2016-04-24T05:00:00.000Z,龙赛医院,55,39
2016-04-24T05:00:00.000Z,三江中学,35,21
2016-04-24T05:00:00.000Z,钱湖水厂,39,15
2016-04-24T05:00:00.000Z,太古小学,31,21
2016-04-24T05:00:00.000Z,市环境监测中心,38,20
2016-04-24T05:00:00.000Z,万里国际学校,37,23
2016-04-24T06:00:00.000Z,选择监测点,53,37
2016-04-24T06:00:00.000Z,区环保大楼,58,40
2016-04-24T06:00:00.000Z,万里学院,40,28
2016-04-24T06:00:00.000Z,龙赛医院,65,47
2016-04-24T06:00:00.000Z,三江中学,63,45
2016-04-24T06:00:00.000Z,钱湖水厂,41,25
2016-04-24T06:00:00.000Z,太古小学,49,34
2016-04-24T06:00:00.000Z,市环境监测中心,53,37
2016-04-24T06:00:00.000Z,万里国际学校,58,41
2016-04-24T07:00:00.000Z,选择监测点,55,38
2016-04-24T07:00:00.000Z,区环保大楼,49,29
2016-04-24T07:00:00.000Z,万里学院,58,41
2016-04-24T07:00:00.000Z,龙赛医院,55,39
2016-04-24T07:00:00.000Z,三江中学,57,40
2016-04-24T07:00:00.000Z,钱湖水厂,55,39
2016-04-24T07:00:00.000Z,太古小学,62,44
2016-04-24T07:00:00.000Z,市环境监测中心,54,38
2016-04-24T07:00:00.000Z,万里国际学校,57,40
2016-04-24T08:00:00.000Z,选择监测点,52,35
2016-04-24T08:00:00.000Z,区环保大楼,51,31
2016-04-24T08:00:00.000Z,万里学院,55,39
2016-04-24T08:00:00.000Z,龙赛医院,52,36
2016-04-24T08:00:00.000Z,三江中学,54,38
2016-04-24T08:00:00.000Z,钱湖水厂,50,35
2016-04-24T08:00:00.000Z,太古小学,49,34
2016-04-24T08:00:00.000Z,市环境监测中心,53,32
2016-04-24T08:00:00.000Z,万里国际学校,54,38
2016-04-24T09:00:00.000Z,选择监测点,49,32
2016-04-24T09:00:00.000Z,区环保大楼,50,30
2016-04-24T09:00:00.000Z,万里学院,46,32
2016-04-24T09:00:00.000Z,龙赛医院,50,33
2016-04-24T09:00:00.000Z,三江中学,53,37
2016-04-24T09:00:00.000Z,钱湖水厂,46,32
2016-04-24T09:00:00.000Z,太古小学,43,30
2016-04-24T09:00:00.000Z,市环境监测中心,54,33
2016-04-24T09:00:00.000Z,万里国际学校,52,36
2016-04-24T10:00:00.000Z,选择监测点,51,34
2016-04-24T10:00:00.000Z,区环保大楼,48,28
2016-04-24T10:00:00.000Z,万里学院,53,37
2016-04-24T10:00:00.000Z,龙赛医院,50,32
2016-04-24T10:00:00.000Z,三江中学,55,39
2016-04-24T10:00:00.000Z,钱湖水厂,46,32
2016-04-24T10:00:00.000Z,太古小学,49,34
2016-04-24T10:00:00.000Z,市环境监测中心,54,34
2016-04-24T10:00:00.000Z,万里国际学校,53,37
2016-04-24T11:00:00.000Z,选择监测点,55,38
2016-04-24T11:00:00.000Z,区环保大楼,55,36
2016-04-24T11:00:00.000Z,万里学院,60,43
2016-04-24T11:00:00.000Z,龙赛医院,55,39
2016-04-24T11:00:00.000Z,三江中学,63,45
2016-04-24T11:00:00.000Z,钱湖水厂,42,29
2016-04-24T11:00:00.000Z,太古小学,54,38
2016-04-24T11:00:00.000Z,市环境监测中心,57,39
2016-04-24T11:00:00.000Z,万里国际学校,57,40
2016-04-24T12:00:00.000Z,选择监测点,62,44
2016-04-24T12:00:00.000Z,区环保大楼,68,49
2016-04-24T12:00:00.000Z,万里学院,75,55
2016-04-24T12:00:00.000Z,龙赛医院,49,34
2016-04-24T12:00:00.000Z,三江中学,80,59
2016-04-24T12:00:00.000Z,钱湖水厂,36,18
2016-04-24T12:00:00.000Z,太古小学,57,40
2016-04-24T12:00:00.000Z,市环境监测中心,69,50
2016-04-24T12:00:00.000Z,万里国际学校,67,48
2016-04-24T13:00:00.000Z,选择监测点,72,52
2016-04-24T13:00:00.000Z,区环保大楼,73,53
2016-04-24T13:00:00.000Z,万里学院,82,60
2016-04-24T13:00:00.000Z,龙赛医院,88,65
2016-04-24T13:00:00.000Z,三江中学,85,63
2016-04-24T13:00:00.000Z,钱湖水厂,48,33
2016-04-24T13:00:00.000Z,太古小学,62,44
2016-04-24T13:00:00.000Z,市环境监测中心,77,56
2016-04-24T13:00:00.000Z,万里国际学校,67,48
2016-04-24T14:00:00.000Z,选择监测点,86,64
2016-04-24T14:00:00.000Z,区环保大楼,87,64
2016-04-24T14:00:00.000Z,万里学院,84,62
2016-04-24T14:00:00.000Z,龙赛医院,80,59
2016-04-24T14:00:00.000Z,三江中学,99,74
2016-04-24T14:00:00.000Z,钱湖水厂,74,54
2016-04-24T14:00:00.000Z,太古小学,90,67
2016-04-24T14:00:00.000Z,市环境监测中心,84,62
2016-04-24T14:00:00.000Z,万里国际学校,97,72
2016-04-24T15:00:00.000Z,选择监测点,87,63
2016-04-24T15:00:00.000Z,区环保大楼,87,64
2016-04-24T15:00:00.000Z,万里学院,113,85
2016-04-24T15:00:00.000Z,龙赛医院,52,30
2016-04-24T15:00:00.000Z,三江中学,93,69
2016-04-24T15:00:00.000Z,钱湖水厂,92,68
2016-04-24T15:00:00.000Z,太古小学,93,69
2016-04-24T15:00:00.000Z,市环境监测中心,94,70
2016-04-24T15:00:00.000Z,万里国际学校,73,53
2016-04-24T16:00:00.000Z,选择监测点,49,31
2016-04-24T16:00:00.000Z,区环保大楼,59,36
2016-04-24T16:00:00.000Z,万里学院,58,41
2016-04-24T16:00:00.000Z,龙赛医院,37,17
2016-04-24T16:00:00.000Z,三江中学,42,29
2016-04-24T16:00:00.000Z,钱湖水厂,69,50
2016-04-24T16:00:00.000Z,太古小学,40,28
2016-04-24T16:00:00.000Z,市环境监测中心,60,37
2016-04-24T16:00:00.000Z,万里国际学校,28,17
2016-04-24T17:00:00.000Z,选择监测点,39,23
2016-04-24T17:00:00.000Z,区环保大楼,34,18
2016-04-24T17:00:00.000Z,万里学院,32,22
2016-04-24T17:00:00.000Z,龙赛医院,42,23
2016-04-24T17:00:00.000Z,三江中学,36,22
2016-04-24T17:00:00.000Z,钱湖水厂,52,36
2016-04-24T17:00:00.000Z,太古小学,36,19
2016-04-24T17:00:00.000Z,市环境监测中心,52,26
2016-04-24T17:00:00.000Z,万里国际学校,32,18
2016-04-24T18:00:00.000Z,选择监测点,39,24
2016-04-24T18:00:00.000Z,区环保大楼,34,18
2016-04-24T18:00:00.000Z,万里学院,32,22
2016-04-24T18:00:00.000Z,龙赛医院,42,23
2016-04-24T18:00:00.000Z,三江中学,42,27
2016-04-24T18:00:00.000Z,钱湖水厂,45,31
2016-04-24T18:00:00.000Z,太古小学,33,23
2016-04-24T18:00:00.000Z,市环境监测中心,55,33
2016-04-24T18:00:00.000Z,万里国际学校,33,22
2016-04-24T19:00:00.000Z,选择监测点,42,26
2016-04-24T19:00:00.000Z,区环保大楼,30,16
2016-04-24T19:00:00.000Z,万里学院,38,26
2016-04-24T19:00:00.000Z,龙赛医院,47,28
2016-04-24T19:00:00.000Z,三江中学,49,27
2016-04-24T19:00:00.000Z,钱湖水厂,41,28
2016-04-24T19:00:00.000Z,太古小学,39,27
2016-04-24T19:00:00.000Z,市环境监测中心,55,32
2016-04-24T19:00:00.000Z,万里国际学校,44,28
2016-04-24T20:00:00.000Z,选择监测点,48,31
2016-04-24T20:00:00.000Z,区环保大楼,43,25
2016-04-24T20:00:00.000Z,万里学院,46,32
2016-04-24T20:00:00.000Z,龙赛医院,51,31
2016-04-24T20:00:00.000Z,三江中学,46,29
2016-04-24T20:00:00.000Z,钱湖水厂,50,34
2016-04-24T20:00:00.000Z,太古小学,45,31
2016-04-24T20:00:00.000Z,市环境监测中心,55,34
2016-04-24T20:00:00.000Z,万里国际学校,51,33
2016-04-24T21:00:00.000Z,选择监测点,53,34
2016-04-24T21:00:00.000Z,区环保大楼,56,36
2016-04-24T21:00:00.000Z,万里学院,54,38
2016-04-24T21:00:00.000Z,龙赛医院,49,29
2016-04-24T21:00:00.000Z,三江中学,48,31
2016-04-24T21:00:00.000Z,钱湖水厂,62,44
2016-04-24T21:00:00.000Z,太古小学,53,37
2016-04-24T21:00:00.000Z,市环境监测中心,54,33
2016-04-24T21:00:00.000Z,万里国际学校,49,31
2016-04-24T22:00:00.000Z,选择监测点,59,40
2016-04-24T22:00:00.000Z,区环保大楼,51,30
2016-04-24T22:00:00.000Z,万里学院,64,46
2016-04-24T22:00:00.000Z,龙赛医院,39,22
2016-04-24T22:00:00.000Z,三江中学,57,40
2016-04-24T22:00:00.000Z,钱湖水厂,99,74
2016-04-24T22:00:00.000Z,太古小学,53,37
2016-04-24T22:00:00.000Z,市环境监测中心,57,39
2016-04-24T22:00:00.000Z,万里国际学校,52,33
2016-04-24T23:00:00.000Z,选择监测点,56,38
2016-04-24T23:00:00.000Z,区环保大楼,45,26
2016-04-24T23:00:00.000Z,万里学院,69,50
2016-04-24T23:00:00.000Z,龙赛医院,48,27
2016-04-24T23:00:00.000Z,三江中学,57,40
2016-04-24T23:00:00.000Z,钱湖水厂,58,41
2016-04-24T23:00:00.000Z,太古小学,59,42
2016-04-24T23:00:00.000Z,市环境监测中心,59,41
2016-04-24T23:00:00.000Z,万里国际学校,58,41
2016-04-25T00:00:00.000Z,选择监测点,59,40
2016-04-25T00:00:00.000Z,区环保大楼,53,32
2016-04-25T00:00:00.000Z,万里学院,68,49
2016-04-25T00:00:00.000Z,龙赛医院,63,40
2016-04-25T00:00:00.000Z,三江中学,58,41
2016-04-25T00:00:00.000Z,钱湖水厂,57,40
2016-04-25T00:00:00.000Z,太古小学,60,43
2016-04-25T00:00:00.000Z,市环境监测中心,60,40
2016-04-25T00:00:00.000Z,万里国际学校,58,41
2016-04-25T01:00:00.000Z,选择监测点,58,40
2016-04-25T01:00:00.000Z,区环保大楼,58,37
2016-04-25T01:00:00.000Z,万里学院,65,47
2016-04-25T01:00:00.000Z,龙赛医院,64,43
2016-04-25T01:00:00.000Z,三江中学,60,43
2016-04-25T01:00:00.000Z,钱湖水厂,45,31
2016-04-25T01:00:00.000Z,太古小学,57,40
2016-04-25T01:00:00.000Z,市环境监测中心,62,43
2016-04-25T01:00:00.000Z,万里国际学校,55,39
2016-04-25T02:00:00.000Z,选择监测点,65,46
2016-04-25T02:00:00.000Z,区环保大楼,60,38
2016-04-25T02:00:00.000Z,万里学院,69,50
2016-04-25T02:00:00.000Z,龙赛医院,69,50
2016-04-25T02:00:00.000Z,三江中学,72,52
2016-04-25T02:00:00.000Z,钱湖水厂,52,36
2016-04-25T02:00:00.000Z,太古小学,60,43
2016-04-25T02:00:00.000Z,市环境监测中心,79,58
2016-04-25T02:00:00.000Z,万里国际学校,63,45
2016-04-25T03:00:00.000Z,选择监测点,66,47
2016-04-25T03:00:00.000Z,区环保大楼,63,40
2016-04-25T03:00:00.000Z,万里学院,78,57
2016-04-25T03:00:00.000Z,龙赛医院,65,45
2016-04-25T03:00:00.000Z,三江中学,73,53
2016-04-25T03:00:00.000Z,钱湖水厂,54,38
2016-04-25T03:00:00.000Z,太古小学,62,44
2016-04-25T03:00:00.000Z,市环境监测中心,74,54
2016-04-25T03:00:00.000Z,万里国际学校,64,46
2016-04-25T04:00:00.000Z,选择监测点,64,44
2016-04-25T04:00:00.000Z,区环保大楼,54,29
2016-04-25T04:00:00.000Z,万里学院,75,55
2016-04-25T04:00:00.000Z,龙赛医院,56,34
2016-04-25T04:00:00.000Z,三江中学,73,53
2016-04-25T04:00:00.000Z,钱湖水厂,60,43
2016-04-25T04:00:00.000Z,太古小学,59,42
2016-04-25T04:00:00.000Z,市环境监测中心,78,57
2016-04-25T04:00:00.000Z,万里国际学校,57,40
2016-04-25T05:00:00.000Z,选择监测点,61,41
2016-04-25T05:00:00.000Z,区环保大楼,58,31
2016-04-25T05:00:00.000Z,万里学院,63,45
2016-04-25T05:00:00.000Z,龙赛医院,56,33
2016-04-25T05:00:00.000Z,三江中学,67,48
2016-04-25T05:00:00.000Z,钱湖水厂,58,41
2016-04-25T05:00:00.000Z,太古小学,60,43
2016-04-25T05:00:00.000Z,市环境监测中心,72,52
2016-04-25T05:00:00.000Z,万里国际学校,56,38
2016-04-25T06:00:00.000Z,选择监测点,59,39
2016-04-25T06:00:00.000Z,区环保大楼,53,25
2016-04-25T06:00:00.000Z,万里学院,57,40
2016-04-25T06:00:00.000Z,龙赛医院,62,38
2016-04-25T06:00:00.000Z,三江中学,65,47
2016-04-25T06:00:00.000Z,钱湖水厂,52,36
2016-04-25T06:00:00.000Z,太古小学,60,43
2016-04-25T06:00:00.000Z,市环境监测中心,72,52
2016-04-25T06:00:00.000Z,万里国际学校,54,34
2016-04-25T07:00:00.000Z,选择监测点,55,34
2016-04-25T07:00:00.000Z,区环保大楼,54,25
2016-04-25T07:00:00.000Z,万里学院,62,44
2016-04-25T07:00:00.000Z,龙赛医院,66,41
2016-04-25T07:00:00.000Z,三江中学,52,30
2016-04-25T07:00:00.000Z,钱湖水厂,55,39
2016-04-25T07:00:00.000Z,太古小学,51,32
2016-04-25T07:00:00.000Z,市环境监测中心,65,42
2016-04-25T07:00:00.000Z,万里国际学校,40,22
2016-04-25T08:00:00.000Z,选择监测点,51,30
2016-04-25T08:00:00.000Z,区环保大楼,55,26
2016-04-25T08:00:00.000Z,万里学院,56,38
2016-04-25T08:00:00.000Z,龙赛医院,60,32
2016-04-25T08:00:00.000Z,三江中学,53,32
2016-04-25T08:00:00.000Z,钱湖水厂,39,24
2016-04-25T08:00:00.000Z,太古小学,50,32
2016-04-25T08:00:00.000Z,市环境监测中心,62,35
2016-04-25T08:00:00.000Z,万里国际学校,39,22
2016-04-25T09:00:00.000Z,选择监测点,49,26
2016-04-25T09:00:00.000Z,区环保大楼,49,21
2016-04-25T09:00:00.000Z,万里学院,48,28
2016-04-25T09:00:00.000Z,龙赛医院,56,29
2016-04-25T09:00:00.000Z,三江中学,52,28
2016-04-25T09:00:00.000Z,钱湖水厂,40,20
2016-04-25T09:00:00.000Z,太古小学,47,29
2016-04-25T09:00:00.000Z,市环境监测中心,62,34
2016-04-25T09:00:00.000Z,万里国际学校,45,24
2016-04-25T10:00:00.000Z,选择监测点,51,27
2016-04-25T10:00:00.000Z,区环保大楼,50,22
2016-04-25T10:00:00.000Z,万里学院,48,27
2016-04-25T10:00:00.000Z,龙赛医院,57,31
2016-04-25T10:00:00.000Z,三江中学,53,28
2016-04-25T10:00:00.000Z,钱湖水厂,41,21
2016-04-25T10:00:00.000Z,太古小学,50,31
2016-04-25T10:00:00.000Z,市环境监测中心,59,29
2016-04-25T10:00:00.000Z,万里国际学校,50,27
2016-04-25T11:00:00.000Z,选择监测点,51,28
2016-04-25T11:00:00.000Z,区环保大楼,48,21
2016-04-25T11:00:00.000Z,万里学院,50,27
2016-04-25T11:00:00.000Z,龙赛医院,57,32
2016-04-25T11:00:00.000Z,三江中学,58,33
2016-04-25T11:00:00.000Z,钱湖水厂,37,21
2016-04-25T11:00:00.000Z,太古小学,54,36
2016-04-25T11:00:00.000Z,市环境监测中心,59,30
2016-04-25T11:00:00.000Z,万里国际学校,52,29
2016-04-25T12:00:00.000Z,选择监测点,54,31
2016-04-25T12:00:00.000Z,区环保大楼,51,22
2016-04-25T12:00:00.000Z,万里学院,52,30
2016-04-25T12:00:00.000Z,龙赛医院,56,32
2016-04-25T12:00:00.000Z,三江中学,64,40
2016-04-25T12:00:00.000Z,太古小学,60,41
2016-04-25T12:00:00.000Z,市环境监测中心,62,35
2016-04-25T12:00:00.000Z,万里国际学校,54,31
2016-04-25T12:00:00.000Z,钱湖水厂,39,23
2016-04-25T13:00:00.000Z,选择监测点,54,31
2016-04-25T13:00:00.000Z,区环保大楼,51,22
2016-04-25T13:00:00.000Z,万里学院,51,30
2016-04-25T13:00:00.000Z,龙赛医院,56,33
2016-04-25T13:00:00.000Z,三江中学,63,39
2016-04-25T13:00:00.000Z,钱湖水厂,35,22
2016-04-25T13:00:00.000Z,太古小学,55,35
2016-04-25T13:00:00.000Z,市环境监测中心,63,37
2016-04-25T13:00:00.000Z,万里国际学校,58,36
2016-04-25T14:00:00.000Z,选择监测点,54,31
2016-04-25T14:00:00.000Z,区环保大楼,55,26
2016-04-25T14:00:00.000Z,万里学院,51,29
2016-04-25T14:00:00.000Z,龙赛医院,58,34
2016-04-25T14:00:00.000Z,三江中学,58,35
2016-04-25T14:00:00.000Z,钱湖水厂,35,20
2016-04-25T14:00:00.000Z,太古小学,56,37
2016-04-25T14:00:00.000Z,市环境监测中心,63,38
2016-04-25T14:00:00.000Z,万里国际学校,57,36
2016-04-25T15:00:00.000Z,选择监测点,53,31
2016-04-25T15:00:00.000Z,区环保大楼,55,26
2016-04-25T15:00:00.000Z,万里学院,47,26
2016-04-25T15:00:00.000Z,龙赛医院,68,45
2016-04-25T15:00:00.000Z,三江中学,61,39
2016-04-25T15:00:00.000Z,钱湖水厂,31,19
2016-04-25T15:00:00.000Z,太古小学,52,33
2016-04-25T15:00:00.000Z,市环境监测中心,65,40
2016-04-25T15:00:00.000Z,万里国际学校,46,26
2016-04-25T16:00:00.000Z,选择监测点,53,31
2016-04-25T16:00:00.000Z,区环保大楼,55,26
2016-04-25T16:00:00.000Z,万里学院,48,27
2016-04-25T16:00:00.000Z,龙赛医院,72,50
2016-04-25T16:00:00.000Z,三江中学,55,32
2016-04-25T16:00:00.000Z,钱湖水厂,29,17
2016-04-25T16:00:00.000Z,太古小学,52,33
2016-04-25T16:00:00.000Z,市环境监测中心,63,37
2016-04-25T16:00:00.000Z,万里国际学校,52,32
2016-04-25T17:00:00.000Z,选择监测点,53,31
2016-04-25T17:00:00.000Z,区环保大楼,55,26
2016-04-25T17:00:00.000Z,万里学院,48,27
2016-04-25T17:00:00.000Z,龙赛医院,72,50
2016-04-25T17:00:00.000Z,三江中学,55,32
2016-04-25T17:00:00.000Z,钱湖水厂,29,17
2016-04-25T17:00:00.000Z,太古小学,52,33
2016-04-25T17:00:00.000Z,市环境监测中心,63,37
2016-04-25T17:00:00.000Z,万里国际学校,52,32
2016-04-25T18:00:00.000Z,选择监测点,54,33
2016-04-25T18:00:00.000Z,区环保大楼,54,25
2016-04-25T18:00:00.000Z,万里学院,53,33
2016-04-25T18:00:00.000Z,龙赛医院,63,45
2016-04-25T18:00:00.000Z,三江中学,63,40
2016-04-25T18:00:00.000Z,钱湖水厂,30,19
2016-04-25T18:00:00.000Z,太古小学,53,34
2016-04-25T18:00:00.000Z,市环境监测中心,66,39
2016-04-25T18:00:00.000Z,万里国际学校,52,31
2016-04-25T19:00:00.000Z,选择监测点,53,33
2016-04-25T19:00:00.000Z,区环保大楼,54,26
2016-04-25T19:00:00.000Z,万里学院,57,38
2016-04-25T19:00:00.000Z,龙赛医院,62,44
2016-04-25T19:00:00.000Z,三江中学,62,38
2016-04-25T19:00:00.000Z,钱湖水厂,35,19
2016-04-25T19:00:00.000Z,太古小学,49,31
2016-04-25T19:00:00.000Z,市环境监测中心,67,43
2016-04-25T19:00:00.000Z,万里国际学校,45,26
2016-04-25T20:00:00.000Z,选择监测点,52,30
2016-04-25T20:00:00.000Z,区环保大楼,58,28
2016-04-25T20:00:00.000Z,万里学院,57,37
2016-04-25T20:00:00.000Z,龙赛医院,58,40
2016-04-25T20:00:00.000Z,三江中学,54,27
2016-04-25T20:00:00.000Z,钱湖水厂,35,19
2016-04-25T20:00:00.000Z,太古小学,49,29
2016-04-25T20:00:00.000Z,市环境监测中心,64,38
2016-04-25T20:00:00.000Z,万里国际学校,48,28
2016-04-25T21:00:00.000Z,选择监测点,56,33
2016-04-25T21:00:00.000Z,区环保大楼,64,32
2016-04-25T21:00:00.000Z,万里学院,56,35
2016-04-25T21:00:00.000Z,龙赛医院,65,47
2016-04-25T21:00:00.000Z,三江中学,57,30
2016-04-25T21:00:00.000Z,钱湖水厂,38,21
2016-04-25T21:00:00.000Z,太古小学,51,28
2016-04-25T21:00:00.000Z,市环境监测中心,70,47
2016-04-25T21:00:00.000Z,万里国际学校,52,30
2016-04-25T22:00:00.000Z,选择监测点,61,37
2016-04-25T22:00:00.000Z,区环保大楼,67,34
2016-04-25T22:00:00.000Z,万里学院,73,53
2016-04-25T22:00:00.000Z,龙赛医院,66,46
2016-04-25T22:00:00.000Z,三江中学,58,32
2016-04-25T22:00:00.000Z,钱湖水厂,50,26
2016-04-25T22:00:00.000Z,太古小学,55,31
2016-04-25T22:00:00.000Z,市环境监测中心,69,43
2016-04-25T22:00:00.000Z,万里国际学校,57,34
2016-04-25T23:00:00.000Z,选择监测点,62,37
2016-04-25T23:00:00.000Z,区环保大楼,76,39
2016-04-25T23:00:00.000Z,万里学院,51,28
2016-04-25T23:00:00.000Z,龙赛医院,75,55
2016-04-25T23:00:00.000Z,三江中学,63,36
2016-04-25T23:00:00.000Z,钱湖水厂,39,24
2016-04-25T23:00:00.000Z,太古小学,61,33
2016-04-25T23:00:00.000Z,市环境监测中心,73,48
2016-04-25T23:00:00.000Z,万里国际学校,60,36
2016-04-26T00:00:00.000Z,选择监测点,60,37
2016-04-26T00:00:00.000Z,区环保大楼,82,44
2016-04-26T00:00:00.000Z,万里学院,43,27
2016-04-26T00:00:00.000Z,龙赛医院,82,60
2016-04-26T00:00:00.000Z,三江中学,62,36
2016-04-26T00:00:00.000Z,钱湖水厂,30,20
2016-04-26T00:00:00.000Z,太古小学,58,33
2016-04-26T00:00:00.000Z,市环境监测中心,64,35
2016-04-26T00:00:00.000Z,万里国际学校,65,41
2016-04-26T01:00:00.000Z,选择监测点,58,36
2016-04-26T01:00:00.000Z,区环保大楼,80,44
2016-04-26T01:00:00.000Z,万里学院,46,29
2016-04-26T01:00:00.000Z,龙赛医院,84,62
2016-04-26T01:00:00.000Z,三江中学,58,34
2016-04-26T01:00:00.000Z,钱湖水厂,25,17
2016-04-26T01:00:00.000Z,太古小学,51,31
2016-04-26T01:00:00.000Z,市环境监测中心,61,34
2016-04-26T01:00:00.000Z,万里国际学校,66,43
2016-04-26T02:00:00.000Z,选择监测点,51,32
2016-04-26T02:00:00.000Z,区环保大楼,71,38
2016-04-26T02:00:00.000Z,万里学院,45,30
2016-04-26T02:00:00.000Z,龙赛医院,74,54
2016-04-26T02:00:00.000Z,三江中学,46,26
2016-04-26T02:00:00.000Z,钱湖水厂,22,15
2016-04-26T02:00:00.000Z,太古小学,44,29
2016-04-26T02:00:00.000Z,市环境监测中心,59,33
2016-04-26T02:00:00.000Z,万里国际学校,51,31
2016-04-26T03:00:00.000Z,选择监测点,44,25
2016-04-26T03:00:00.000Z,区环保大楼,62,32
2016-04-26T03:00:00.000Z,万里学院,44,30
2016-04-26T03:00:00.000Z,龙赛医院,43,28
2016-04-26T03:00:00.000Z,三江中学,41,19
2016-04-26T03:00:00.000Z,钱湖水厂,35,24
2016-04-26T03:00:00.000Z,太古小学,36,23
2016-04-26T03:00:00.000Z,市环境监测中心,55,28
2016-04-26T03:00:00.000Z,万里国际学校,36,21
2016-04-26T04:00:00.000Z,选择监测点,33,16
2016-04-26T04:00:00.000Z,区环保大楼,48,20
2016-04-26T04:00:00.000Z,万里学院,26,17
2016-04-26T04:00:00.000Z,龙赛医院,31,18
2016-04-26T04:00:00.000Z,三江中学,35,13
2016-04-26T04:00:00.000Z,钱湖水厂,23,9
2016-04-26T04:00:00.000Z,太古小学,26,17
2016-04-26T04:00:00.000Z,市环境监测中心,51,22
2016-04-26T04:00:00.000Z,万里国际学校,30,15
2016-04-26T05:00:00.000Z,选择监测点,30,12
2016-04-26T05:00:00.000Z,区环保大楼,33,12
2016-04-26T05:00:00.000Z,万里学院,40,11
2016-04-26T05:00:00.000Z,龙赛医院,31,15
2016-04-26T05:00:00.000Z,三江中学,30,12
2016-04-26T05:00:00.000Z,钱湖水厂,25,10
2016-04-26T05:00:00.000Z,太古小学,20,13
2016-04-26T05:00:00.000Z,市环境监测中心,46,20
2016-04-26T05:00:00.000Z,万里国际学校,19,7
2016-04-26T06:00:00.000Z,选择监测点,25,11
2016-04-26T06:00:00.000Z,区环保大楼,26,10
2016-04-26T06:00:00.000Z,万里学院,22,15
2016-04-26T06:00:00.000Z,龙赛医院,21,11
2016-04-26T06:00:00.000Z,三江中学,24,12
2016-04-26T06:00:00.000Z,钱湖水厂,27,8
2016-04-26T06:00:00.000Z,太古小学,22,13
2016-04-26T06:00:00.000Z,市环境监测中心,42,18
2016-04-26T06:00:00.000Z,万里国际学校,23,8
2016-04-26T07:00:00.000Z,选择监测点,27,11
2016-04-26T07:00:00.000Z,区环保大楼,25,9
2016-04-26T07:00:00.000Z,万里学院,22,12
2016-04-26T07:00:00.000Z,龙赛医院,21,10
2016-04-26T07:00:00.000Z,三江中学,25,14
2016-04-26T07:00:00.000Z,钱湖水厂,28,10
2016-04-26T07:00:00.000Z,太古小学,25,13
2016-04-26T07:00:00.000Z,市环境监测中心,45,19
2016-04-26T07:00:00.000Z,万里国际学校,28,7
2016-04-26T08:00:00.000Z,选择监测点,30,13
2016-04-26T08:00:00.000Z,区环保大楼,51,10
2016-04-26T08:00:00.000Z,万里学院,22,11
2016-04-26T08:00:00.000Z,龙赛医院,22,11
2016-04-26T08:00:00.000Z,三江中学,27,17
2016-04-26T08:00:00.000Z,钱湖水厂,26,13
2016-04-26T08:00:00.000Z,太古小学,23,16
2016-04-26T08:00:00.000Z,市环境监测中心,43,18
2016-04-26T08:00:00.000Z,万里国际学校,26,8
2016-04-26T09:00:00.000Z,选择监测点,28,15
2016-04-26T09:00:00.000Z,区环保大楼,35,11
2016-04-26T09:00:00.000Z,万里学院,22,15
2016-04-26T09:00:00.000Z,龙赛医院,22,12
2016-04-26T09:00:00.000Z,三江中学,30,19
2016-04-26T09:00:00.000Z,钱湖水厂,25,17
2016-04-26T09:00:00.000Z,太古小学,28,19
2016-04-26T09:00:00.000Z,市环境监测中心,42,18
2016-04-26T09:00:00.000Z,万里国际学校,25,10
2016-04-26T10:00:00.000Z,选择监测点,31,18
2016-04-26T10:00:00.000Z,区环保大楼,33,15
2016-04-26T10:00:00.000Z,万里学院,30,21
2016-04-26T10:00:00.000Z,龙赛医院,27,15
2016-04-26T10:00:00.000Z,三江中学,31,20
2016-04-26T10:00:00.000Z,钱湖水厂,32,22
2016-04-26T10:00:00.000Z,太古小学,35,24
2016-04-26T10:00:00.000Z,市环境监测中心,43,20
2016-04-26T10:00:00.000Z,万里国际学校,23,14
2016-04-26T11:00:00.000Z,选择监测点,40,24
2016-04-26T11:00:00.000Z,区环保大楼,42,20
2016-04-26T11:00:00.000Z,万里学院,39,27
2016-04-26T11:00:00.000Z,龙赛医院,38,21
2016-04-26T11:00:00.000Z,三江中学,41,26
2016-04-26T11:00:00.000Z,钱湖水厂,43,30
2016-04-26T11:00:00.000Z,太古小学,43,30
2016-04-26T11:00:00.000Z,市环境监测中心,45,24
2016-04-26T11:00:00.000Z,万里国际学校,29,19
2016-04-26T12:00:00.000Z,选择监测点,48,31
2016-04-26T12:00:00.000Z,区环保大楼,48,24
2016-04-26T12:00:00.000Z,万里学院,45,31
2016-04-26T12:00:00.000Z,龙赛医院,55,35
2016-04-26T12:00:00.000Z,三江中学,49,31
2016-04-26T12:00:00.000Z,钱湖水厂,50,35
2016-04-26T12:00:00.000Z,太古小学,54,38
2016-04-26T12:00:00.000Z,市环境监测中心,51,33
2016-04-26T12:00:00.000Z,万里国际学校,33,22
2016-04-26T13:00:00.000Z,选择监测点,51,34
2016-04-26T13:00:00.000Z,区环保大楼,52,28
2016-04-26T13:00:00.000Z,万里学院,55,39
2016-04-26T13:00:00.000Z,龙赛医院,53,33
2016-04-26T13:00:00.000Z,三江中学,54,38
2016-04-26T13:00:00.000Z,钱湖水厂,49,34
2016-04-26T13:00:00.000Z,太古小学,58,41
2016-04-26T13:00:00.000Z,市环境监测中心,54,38
2016-04-26T13:00:00.000Z,万里国际学校,39,27
2016-04-26T14:00:00.000Z,选择监测点,53,36
2016-04-26T14:00:00.000Z,区环保大楼,57,32
2016-04-26T14:00:00.000Z,万里学院,58,41
2016-04-26T14:00:00.000Z,龙赛医院,60,42
2016-04-26T14:00:00.000Z,三江中学,62,44
2016-04-26T14:00:00.000Z,钱湖水厂,43,30
2016-04-26T14:00:00.000Z,太古小学,57,40
2016-04-26T14:00:00.000Z,市环境监测中心,50,34
2016-04-26T14:00:00.000Z,万里国际学校,44,29
2016-04-26T15:00:00.000Z,选择监测点,57,39
2016-04-26T15:00:00.000Z,区环保大楼,58,33
2016-04-26T15:00:00.000Z,万里学院,54,38
2016-04-26T15:00:00.000Z,龙赛医院,67,48
2016-04-26T15:00:00.000Z,三江中学,62,44
2016-04-26T15:00:00.000Z,钱湖水厂,43,30
2016-04-26T15:00:00.000Z,太古小学,73,53
2016-04-26T15:00:00.000Z,市环境监测中心,55,39
2016-04-26T15:00:00.000Z,万里国际学校,49,32
