date,location,temp,humi,rain,windd,windv,pressure,visi
2016-04-19T12:00:00.000Z,慈溪,17.2,57,0,东南偏东风,2,1018.7,32793
2016-04-19T12:00:00.000Z,余姚,16.5,59,0,东风,5,1018.2,35000
2016-04-19T12:00:00.000Z,镇海,15.3,74,0,东南偏南风,3,1020.2,35000
2016-04-19T12:00:00.000Z,鄞州,15.6,71,0,东南偏南风,5,1020.2,20000
2016-04-19T12:00:00.000Z,北仑,15.3,77,0,西南偏西风,1,1020.8,35000
2016-04-19T12:00:00.000Z,奉化,15,78,0,南风,3,1020.5,35000
2016-04-19T12:00:00.000Z,象山,15.2,82,0,东风,2,1021.6,25198
2016-04-19T12:00:00.000Z,宁海,15.3,81,0,东南偏南风,3,1021.2,35000
2016-04-19T13:00:00.000Z,慈溪,16.2,66,0,东南偏南风,2,1019.7,30434
2016-04-19T13:00:00.000Z,余姚,15.5,69,0,东风,4,1019.2,35000
2016-04-19T13:00:00.000Z,镇海,15.5,76,0,东南偏南风,3,1020.5,35000
2016-04-19T13:00:00.000Z,鄞州,15.6,73,0,南风,5,1020.6,20000
2016-04-19T13:00:00.000Z,北仑,15.7,79,0,东南偏东风,2,1021,35000
2016-04-19T13:00:00.000Z,奉化,15.2,78,0,南风,3,1020.8,35000
2016-04-19T13:00:00.000Z,象山,15.6,84,0,东南偏东风,1,1022,23919
2016-04-19T13:00:00.000Z,宁海,15.2,83,0,南风,2,1021.8,35000
2016-04-19T14:00:00.000Z,慈溪,16.1,70,0,东南偏南风,2,1020.3,30860
2016-04-19T14:00:00.000Z,余姚,15.4,69,0,东南偏东风,4,1019.9,35000
2016-04-19T14:00:00.000Z,镇海,15.7,80,0,东南偏南风,3,1020.9,35000
2016-04-19T14:00:00.000Z,鄞州,16.1,78,0,东南偏南风,5,1021,20000
2016-04-19T14:00:00.000Z,北仑,16.5,78,0,西南偏西风,2,1021,35000
2016-04-19T14:00:00.000Z,奉化,15.3,78,0,南风,4,1021.2,35000
2016-04-19T14:00:00.000Z,象山,15.8,84,0,东风,1,1022.1,24681
2016-04-19T14:00:00.000Z,宁海,15.5,83,0,南风,2,1022.1,35000
2016-04-19T15:00:00.000Z,慈溪,16.7,69,0,东南风,3,1019.3,33090
2016-04-19T15:00:00.000Z,余姚,15.8,65,0,东南偏东风,4,1019.2,35000
2016-04-19T15:00:00.000Z,镇海,15.7,79,0,西南偏南风,2,1021,34242
2016-04-19T15:00:00.000Z,鄞州,16.3,79,0,南风,4,1021,20000
2016-04-19T15:00:00.000Z,北仑,16.6,80,0,西南风,2,1021,35000
2016-04-19T15:00:00.000Z,奉化,15.9,76,0,东南偏南风,2,1021.1,35000
2016-04-19T15:00:00.000Z,象山,15.9,83,0,东南风,1,1022,26470
2016-04-19T15:00:00.000Z,宁海,15.8,81,0,南风,2,1021.7,35000
2016-04-19T16:00:00.000Z,慈溪,17.4,69,0,东南风,3,1018.6,35000
2016-04-19T16:00:00.000Z,余姚,16.8,67,0,东南偏东风,4,1018.2,35000
2016-04-19T16:00:00.000Z,镇海,15.8,82,0,西南偏南风,2,1020.5,33022
2016-04-19T16:00:00.000Z,鄞州,16.6,80,0,东南偏南风,4,1020.1,20000
2016-04-19T16:00:00.000Z,北仑,17.1,79,0,东北风,1,1020.5,35000
2016-04-19T16:00:00.000Z,奉化,15.8,79,0,东南偏南风,3,1020.4,35000
2016-04-19T16:00:00.000Z,象山,16.4,83,0,东南偏东风,1,1021.4,22007
2016-04-19T16:00:00.000Z,宁海,16,82,0,东南偏南风,2,1021.2,35000
2016-04-19T17:00:00.000Z,慈溪,17.5,72,0,东南风,3,1017.5,35000
2016-04-19T17:00:00.000Z,余姚,17.6,68,0,东南偏东风,3,1017.2,35000
2016-04-19T17:00:00.000Z,镇海,15.8,85,0,南风,2,1019.2,26037
2016-04-19T17:00:00.000Z,鄞州,16.7,80,0,东南风,5,1019.1,20000
2016-04-19T17:00:00.000Z,北仑,17.5,78,0,西南偏南风,2,1019.5,35000
2016-04-19T17:00:00.000Z,奉化,16.2,80,0,东南偏南风,3,1018.9,35000
2016-04-19T17:00:00.000Z,象山,16.6,84,0,东南偏东风,1,1020.2,20628
2016-04-19T17:00:00.000Z,宁海,16,84,0,东南风,1,1020,35000
2016-04-19T18:00:00.000Z,慈溪,17.8,73,0,东南偏东风,3,1016.5,34990
2016-04-19T18:00:00.000Z,余姚,17.9,71,0,东风,4,1016.3,35000
2016-04-19T18:00:00.000Z,镇海,16.6,84,0,东南偏南风,2,1018,24131
2016-04-19T18:00:00.000Z,鄞州,16.8,81,0,东南风,5,1017.7,20000
2016-04-19T18:00:00.000Z,北仑,17.6,79,0,东风,1,1018.5,35000
2016-04-19T18:00:00.000Z,奉化,16.8,79,0,南风,3,1017.6,35000
2016-04-19T18:00:00.000Z,象山,16.7,85,0,东南偏南风,1,1019.2,19120
2016-04-19T18:00:00.000Z,宁海,16.2,86,0,南风,2,1018.4,34978
2016-04-19T19:00:00.000Z,慈溪,18.1,74,0,东南偏南风,2,1015.4,34274
2016-04-19T19:00:00.000Z,余姚,17.2,77,0,东风,4,1015.3,35000
2016-04-19T19:00:00.000Z,镇海,16.4,87,0,东南偏南风,2,1016.8,23197
2016-04-19T19:00:00.000Z,鄞州,17.1,81,0,东南偏南风,5,1016.9,20000
2016-04-19T19:00:00.000Z,北仑,17,83,0,东北风,1,1017.4,35000
2016-04-19T19:00:00.000Z,奉化,16.6,82,0,南风,3,1017,35000
2016-04-19T19:00:00.000Z,象山,16.6,85,0,北风,0,1018.4,17601
2016-04-19T19:00:00.000Z,宁海,16.1,87,0,东南偏南风,2,1017.9,27591
2016-04-19T20:00:00.000Z,慈溪,17.9,76,0,东南风,2,1015.1,31187
2016-04-19T20:00:00.000Z,余姚,16.7,83,0,东风,3,1015,35000
2016-04-19T20:00:00.000Z,镇海,16.9,87,0,东南偏南风,3,1016.4,28635
2016-04-19T20:00:00.000Z,鄞州,17.3,82,0,东南偏南风,5,1016.2,20000
2016-04-19T20:00:00.000Z,北仑,17.2,85,0,东南偏南风,2,1017,35000
2016-04-19T20:00:00.000Z,奉化,16.9,81,0,南风,4,1016.6,35000
2016-04-19T20:00:00.000Z,象山,16.4,88,0,东风,1,1018,10201
2016-04-19T20:00:00.000Z,宁海,16.1,88,0,东南偏南风,2,1017.5,23710
2016-04-19T21:00:00.000Z,慈溪,18.3,76,0,东南偏东风,2,1014.3,31931
2016-04-19T21:00:00.000Z,余姚,17.1,82,0,东风,3,1015.1,35000
2016-04-19T21:00:00.000Z,镇海,17.1,88,0,东南偏南风,3,1015.5,26103
2016-04-19T21:00:00.000Z,鄞州,17.9,81,0,东南偏南风,5,1015.9,20000
2016-04-19T21:00:00.000Z,北仑,17.3,86,0,西南偏西风,2,1016.1,32715
2016-04-19T21:00:00.000Z,奉化,16.8,85,0,东南偏南风,3,1016.2,35000
2016-04-19T21:00:00.000Z,象山,16.6,88,0,东南偏东风,1,1017.5,10212
2016-04-19T21:00:00.000Z,宁海,16.2,88,0,南风,2,1017.2,22598
2016-04-19T22:00:00.000Z,慈溪,18.5,75,0,西南风,1,1015.8,28195
2016-04-19T22:00:00.000Z,余姚,17,84,0,东风,2,1015.9,31720
2016-04-19T22:00:00.000Z,镇海,17.9,87,0,东南偏南风,2,1016.6,22907
2016-04-19T22:00:00.000Z,鄞州,17.9,82,0,南风,4,1016.7,20000
2016-04-19T22:00:00.000Z,北仑,17.8,86,0,西南偏南风,2,1017,20580
2016-04-19T22:00:00.000Z,奉化,18.2,81,0,东南偏南风,4,1016.7,35000
2016-04-19T22:00:00.000Z,象山,16.7,90,0,东北偏东风,1,1018,8891
2016-04-19T22:00:00.000Z,宁海,16.1,91,0,东南偏南风,3,1017.8,13528
2016-04-19T23:00:00.000Z,慈溪,18.7,77,0,北风,0,1016,19300
2016-04-19T23:00:00.000Z,余姚,17.4,85,0,东风,2,1015.9,17826
2016-04-19T23:00:00.000Z,镇海,18.6,86,0,南风,2,1016.9,22225
2016-04-19T23:00:00.000Z,鄞州,19,83,0,东南风,4,1016.9,20000
2016-04-19T23:00:00.000Z,北仑,18,86,0,东南风,2,1017.5,30274
2016-04-19T23:00:00.000Z,奉化,18.3,82,0,南风,3,1016.8,35000
2016-04-19T23:00:00.000Z,象山,16.9,91,0,东北偏北风,1,1018.3,6668
2016-04-19T23:00:00.000Z,宁海,17,91,0,南风,3,1018,13126
2016-04-20T00:00:00.000Z,慈溪,19.5,74,0,西北风,1,1015.6,19012
2016-04-20T00:00:00.000Z,余姚,18.3,83,0,西南风,1,1015.7,17078
2016-04-20T00:00:00.000Z,镇海,19.6,84,0,东南偏南风,2,1016.6,22943
2016-04-20T00:00:00.000Z,鄞州,19.8,80,0,南风,5,1016.4,20000
2016-04-20T00:00:00.000Z,北仑,18.9,85,0,东南风,2,1017.1,35000
2016-04-20T00:00:00.000Z,奉化,18.9,82,0,南风,3,1016.5,31218
2016-04-20T00:00:00.000Z,象山,17.4,92,0,东南风,1,1018.3,4138
2016-04-20T00:00:00.000Z,宁海,18,88,0,南风,2,1017.3,19454
2016-04-20T01:00:00.000Z,慈溪,20,81,0,东南偏东风,2,1014.3,12000
2016-04-20T01:00:00.000Z,余姚,18.2,88,0.1,东南偏东风,3,1014.1,16631
2016-04-20T01:00:00.000Z,镇海,20.3,83,0,东南偏南风,2,1015.7,26543
2016-04-20T01:00:00.000Z,鄞州,20.4,80,0,东南偏南风,4,1015.6,20000
2016-04-20T01:00:00.000Z,北仑,19.5,83,0,东南偏南风,2,1016.1,35000
2016-04-20T01:00:00.000Z,奉化,19.3,83,0,南风,3,1015.8,30975
2016-04-20T01:00:00.000Z,象山,18.1,91,0,东北偏东风,1,1017.3,6287
2016-04-20T01:00:00.000Z,宁海,17.4,91,0,东南偏南风,3,1016.8,11670
2016-04-20T02:00:00.000Z,慈溪,21.3,77,0,东南偏南风,2,1014,22997
2016-04-20T02:00:00.000Z,余姚,20.2,84,0,东南偏南风,1,1014.3,28722
2016-04-20T02:00:00.000Z,镇海,19.8,87,0,东南偏南风,2,1015.1,25786
2016-04-20T02:00:00.000Z,鄞州,20,84,0,东南偏南风,5,1015.1,20000
2016-04-20T02:00:00.000Z,北仑,19.3,86,0,西南偏南风,2,1015.6,27667
2016-04-20T02:00:00.000Z,奉化,19.7,83,0,东南偏南风,3,1015.3,29153
2016-04-20T02:00:00.000Z,象山,18.5,90,0,东风,1,1016.7,6974
2016-04-20T02:00:00.000Z,宁海,17.4,95,0,东南偏南风,2,1016.2,6225
2016-04-20T03:00:00.000Z,慈溪,20.5,85,0.5,东南风,1,1013.9,12134
2016-04-20T03:00:00.000Z,余姚,18.8,89,0.5,西北偏北风,1,1014.1,20025
2016-04-20T03:00:00.000Z,镇海,20.1,89,0,西南偏南风,2,1014.9,20230
2016-04-20T03:00:00.000Z,鄞州,20.3,84,0.2,南风,4,1014.8,20000
2016-04-20T03:00:00.000Z,北仑,20.2,85,0,西风,1,1015.1,32106
2016-04-20T03:00:00.000Z,奉化,19.7,84,0,南风,3,1015.1,25515
2016-04-20T03:00:00.000Z,象山,19.1,91,0,南风,1,1015.8,5292
2016-04-20T03:00:00.000Z,宁海,17.7,96,0.2,西南风,2,1015.7,6317
2016-04-20T04:00:00.000Z,慈溪,20.3,89,1,东南偏南风,1,1013.3,10415
2016-04-20T04:00:00.000Z,余姚,18.8,92,0.8,西北偏西风,2,1013.4,11051
2016-04-20T04:00:00.000Z,镇海,20,90,0.1,东南偏南风,3,1014,16061
2016-04-20T04:00:00.000Z,鄞州,20,88,0.5,南风,4,1014.1,12355
2016-04-20T04:00:00.000Z,北仑,19.9,87,0.1,西南偏南风,1,1014.6,33119
2016-04-20T04:00:00.000Z,奉化,18.6,91,0.8,南风,3,1014.3,8639
2016-04-20T04:00:00.000Z,象山,19,93,0.5,东风,2,1015.2,3320
2016-04-20T04:00:00.000Z,宁海,17.7,97,0.2,西南偏西风,2,1015.1,6566
2016-04-20T05:00:00.000Z,慈溪,20.5,90,2,南风,1,1012.6,9324
2016-04-20T05:00:00.000Z,余姚,18.6,95,3.4,西南偏西风,2,1012.9,6418
2016-04-20T05:00:00.000Z,镇海,19.3,96,5,南风,2,1013.2,6961
2016-04-20T05:00:00.000Z,鄞州,19.1,95,6.9,南风,4,1013.4,3962
2016-04-20T05:00:00.000Z,北仑,19.4,91,2.8,东南偏东风,1,1013.6,11995
2016-04-20T05:00:00.000Z,奉化,18.1,96,9,南风,3,1013.9,5765
2016-04-20T05:00:00.000Z,象山,18.7,96,1.2,东北偏东风,1,1014.2,1925
2016-04-20T05:00:00.000Z,宁海,17.8,98,1.4,西南偏南风,1,1013.9,3564
2016-04-20T06:00:00.000Z,慈溪,20.4,93,3.1,东南偏东风,1,1011.3,9752
2016-04-20T06:00:00.000Z,余姚,19.2,97,1.5,东南偏东风,3,1011.6,4950
2016-04-20T06:00:00.000Z,镇海,18.9,98,12.7,南风,1,1012.3,2913
2016-04-20T06:00:00.000Z,鄞州,18.9,96,11.2,西南偏南风,3,1012.5,9918
2016-04-20T06:00:00.000Z,北仑,19.3,93,13.6,北风,1,1012.9,3228
2016-04-20T06:00:00.000Z,奉化,18.4,96,12,南风,3,1012.4,9334
2016-04-20T06:00:00.000Z,象山,18.6,96,2.3,东南风,1,1013.1,1789
2016-04-20T06:00:00.000Z,宁海,17.8,98,1.5,南风,2,1013,10187
2016-04-20T07:00:00.000Z,慈溪,20.2,91,1.1,东南风,2,1009.7,9702
2016-04-20T07:00:00.000Z,余姚,19.2,97,1.5,东风,3,1010.2,12025
2016-04-20T07:00:00.000Z,镇海,19,98,4.1,东南偏南风,2,1011.1,9999
2016-04-20T07:00:00.000Z,鄞州,18.8,97,3.1,东南偏南风,3,1011.3,6149
2016-04-20T07:00:00.000Z,北仑,19.6,92,3,东南偏南风,2,1011.8,14508
2016-04-20T07:00:00.000Z,奉化,18.2,96,6.2,南风,3,1011.3,12521
2016-04-20T07:00:00.000Z,象山,18.7,96,12.9,北风,0,1012.6,2015
2016-04-20T07:00:00.000Z,宁海,17.8,99,0.7,北风,1,1012.3,2841
2016-04-20T08:00:00.000Z,慈溪,19.8,93,2.9,北风,0,1009.8,3153
2016-04-20T08:00:00.000Z,余姚,18.9,97,3,东风,3,1009.9,22255
2016-04-20T08:00:00.000Z,镇海,19,98,2.3,南风,2,1010,13212
2016-04-20T08:00:00.000Z,鄞州,18.9,95,2.3,东南偏南风,4,1010.1,17570
2016-04-20T08:00:00.000Z,北仑,19.6,91,1.9,西南风,2,1010.4,24734
2016-04-20T08:00:00.000Z,奉化,18.9,96,3.2,西南偏南风,3,1010.3,35000
2016-04-20T08:00:00.000Z,象山,18.6,97,4.6,东南偏东风,1,1011.9,3325
2016-04-20T08:00:00.000Z,宁海,18.2,99,0.4,西南风,1,1010.9,4712
2016-04-20T09:00:00.000Z,慈溪,19.7,95,3.1,东南偏东风,2,1008.7,17792
2016-04-20T09:00:00.000Z,余姚,18.8,97,0.1,东南偏东风,4,1009.2,11183
2016-04-20T09:00:00.000Z,镇海,19.3,98,0.7,西南风,1,1009.7,28829
2016-04-20T09:00:00.000Z,鄞州,19.2,95,1.5,西风,3,1009.7,14523
2016-04-20T09:00:00.000Z,北仑,19.6,92,2.4,东南偏南风,3,1009.1,35000
2016-04-20T09:00:00.000Z,奉化,19.3,92,1.2,南风,1,1009.7,35000
2016-04-20T09:00:00.000Z,象山,18.7,97,0.6,东南偏东风,2,1010.8,2035
2016-04-20T09:00:00.000Z,宁海,18.5,98,0.6,西南偏南风,2,1010.4,7321
2016-04-20T10:00:00.000Z,慈溪,20,95,0.6,北风,0,1009,7821
2016-04-20T10:00:00.000Z,余姚,18.8,97,0,东风,2,1009.3,9652
2016-04-20T10:00:00.000Z,镇海,19.4,98,0,东南偏东风,1,1009.5,11843
2016-04-20T10:00:00.000Z,鄞州,19.4,93,0,东南偏南风,3,1009.4,16965
2016-04-20T10:00:00.000Z,北仑,20.3,90,0.1,东北偏东风,1,1009.7,35000
2016-04-20T10:00:00.000Z,奉化,19.5,92,0,南风,3,1009.4,20033
2016-04-20T10:00:00.000Z,象山,19.5,97,0.4,东北偏东风,2,1010.7,2396
2016-04-20T10:00:00.000Z,宁海,18.7,98,0,南风,2,1010.6,3445
2016-04-20T11:00:00.000Z,慈溪,19.9,96,0,东风,1,1008.8,7306
2016-04-20T11:00:00.000Z,余姚,18.7,97,0,东风,2,1009.2,4064
2016-04-20T11:00:00.000Z,镇海,18.9,98,0,北风,0,1009.4,1700
2016-04-20T11:00:00.000Z,鄞州,19.3,94,0,西北风,2,1009.3,13840
2016-04-20T11:00:00.000Z,北仑,20.8,89,0,东南偏东风,2,1009.7,34886
2016-04-20T11:00:00.000Z,奉化,19.8,92,0,南风,3,1009.6,19423
2016-04-20T11:00:00.000Z,象山,20.3,96,0,东北偏东风,3,1010.3,3807
2016-04-20T11:00:00.000Z,宁海,18.8,99,0,西南风,2,1010.6,2579
2016-04-20T12:00:00.000Z,慈溪,19.7,95,0,北风,0,1009,9145
2016-04-20T12:00:00.000Z,余姚,18.7,97,0,东风,2,1009.1,3791
2016-04-20T12:00:00.000Z,镇海,18.5,98,0,南风,1,1009.4,2537
2016-04-20T12:00:00.000Z,鄞州,19.4,94,0,西南风,1,1009.3,12902
2016-04-20T12:00:00.000Z,北仑,21,87,0,东南风,2,1009.7,28778
2016-04-20T12:00:00.000Z,奉化,19.7,92,0,南风,3,1009.6,14399
2016-04-20T12:00:00.000Z,象山,20.6,92,0,东风,3,1010.5,5176
2016-04-20T12:00:00.000Z,宁海,18.9,99,0.1,西南偏南风,2,1010.6,2855
2016-04-20T13:00:00.000Z,慈溪,19.7,96,0,北风,0,1009.3,5019
2016-04-20T13:00:00.000Z,余姚,18.8,97,0,东风,1,1009.6,5321
2016-04-20T13:00:00.000Z,镇海,18.8,99,0,东南偏南风,1,1009.5,4938
2016-04-20T13:00:00.000Z,鄞州,19.5,94,0,南风,2,1009.5,8970
2016-04-20T13:00:00.000Z,北仑,21,86,0.1,东南风,2,1009.8,29406
2016-04-20T13:00:00.000Z,奉化,19.8,92,0,西南偏南风,2,1009.9,12082
2016-04-20T13:00:00.000Z,象山,20.7,89,0,东北偏东风,3,1010.6,6693
2016-04-20T13:00:00.000Z,宁海,18.6,99,0,西南偏南风,2,1010.8,2398
2016-04-20T14:00:00.000Z,慈溪,19.6,95,0.2,西北偏北风,1,1009.5,3415
2016-04-20T14:00:00.000Z,余姚,18.7,98,0.1,东南偏东风,1,1009.6,4256
2016-04-20T14:00:00.000Z,镇海,19.6,98,0,西南偏南风,2,1009.5,6077
2016-04-20T14:00:00.000Z,鄞州,19.6,94,0,南风,2,1009.6,7860
2016-04-20T14:00:00.000Z,北仑,21.4,82,0,东南风,2,1009.5,35000
2016-04-20T14:00:00.000Z,奉化,20.1,90,0,西南风,2,1009.7,13079
2016-04-20T14:00:00.000Z,象山,21,86,0,东风,3,1010.5,7844
2016-04-20T14:00:00.000Z,宁海,18.3,99,0,西南偏西风,1,1010.8,1696
2016-04-20T15:00:00.000Z,慈溪,19.4,96,1.4,东风,1,1009.1,1552
2016-04-20T15:00:00.000Z,余姚,18.7,98,1.4,东风,2,1009,1075
2016-04-20T15:00:00.000Z,镇海,19.8,97,0.4,西南偏南风,1,1009.2,4432
2016-04-20T15:00:00.000Z,鄞州,20,92,0.1,北风,3,1009.1,8604
2016-04-20T15:00:00.000Z,北仑,21.6,82,0,北风,1,1009.6,35000
2016-04-20T15:00:00.000Z,奉化,19.9,93,0.2,南风,3,1009.2,9341
2016-04-20T15:00:00.000Z,象山,21,85,0,东风,2,1010.2,8496
2016-04-20T15:00:00.000Z,宁海,18.6,99,0,西南偏南风,1,1010.2,3750
2016-04-20T16:00:00.000Z,慈溪,19.3,97,0.7,西北偏西风,1,1009.2,1746
2016-04-20T16:00:00.000Z,余姚,18.8,98,0.2,东南偏南风,1,1009.2,2405
2016-04-20T16:00:00.000Z,镇海,19.4,98,0.2,西北偏北风,1,1008.6,1761
2016-04-20T16:00:00.000Z,鄞州,19.8,94,0.1,西南风,1,1008.5,8325
2016-04-20T16:00:00.000Z,北仑,20.9,88,0.4,东南风,1,1008.7,35000
2016-04-20T16:00:00.000Z,奉化,19.9,92,0,西南偏南风,2,1008.7,13169
2016-04-20T16:00:00.000Z,象山,20.6,86,0.1,东南偏东风,2,1009.4,8068
2016-04-20T16:00:00.000Z,宁海,18.8,98,0.2,西南偏南风,2,1009.5,4580
2016-04-20T17:00:00.000Z,慈溪,19.3,97,0.6,东南偏南风,1,1008.3,2452
2016-04-20T17:00:00.000Z,余姚,19.2,98,0.7,西北偏西风,2,1008.7,4994
2016-04-20T17:00:00.000Z,镇海,19.3,98,0.2,东南偏东风,1,1008,1317
2016-04-20T17:00:00.000Z,鄞州,19.7,94,0,南风,2,1008.3,8784
2016-04-20T17:00:00.000Z,北仑,20.4,91,0.9,北风,0,1008.6,20095
2016-04-20T17:00:00.000Z,奉化,18.9,96,0,南风,1,1008.9,10404
2016-04-20T17:00:00.000Z,象山,20.4,86,0.2,东南偏东风,1,1008.7,8728
2016-04-20T17:00:00.000Z,宁海,18.7,98,0,东南风,1,1009,4431
2016-04-20T18:00:00.000Z,慈溪,19.3,97,1.1,东南偏南风,1,1007.6,1833
2016-04-20T18:00:00.000Z,余姚,19,98,1,东北风,1,1007.9,2615
2016-04-20T18:00:00.000Z,镇海,19.3,98,1.2,南风,1,1008.4,1902
2016-04-20T18:00:00.000Z,鄞州,19.5,95,1.6,南风,3,1008.4,4398
2016-04-20T18:00:00.000Z,北仑,19.9,94,2.8,西北偏西风,2,1009.3,6268
2016-04-20T18:00:00.000Z,奉化,19.1,97,2.1,南风,2,1008.7,5617
2016-04-20T18:00:00.000Z,象山,19.5,93,0.1,北风,0,1009,3424
2016-04-20T18:00:00.000Z,宁海,18.5,99,0.2,东南风,2,1009.3,3016
2016-04-20T19:00:00.000Z,慈溪,19.3,97,0.9,西南风,1,1007,2007
2016-04-20T19:00:00.000Z,余姚,18.9,98,1.8,东北偏东风,2,1006.7,1203
2016-04-20T19:00:00.000Z,镇海,19.3,99,1.2,西南偏南风,1,1007.5,2851
2016-04-20T19:00:00.000Z,鄞州,19.5,95,0.5,东南偏南风,3,1006.9,8667
2016-04-20T19:00:00.000Z,北仑,19.9,96,4.5,北风,0,1007.6,7420
2016-04-20T19:00:00.000Z,奉化,19.8,95,0.5,南风,2,1007.4,8845
2016-04-20T19:00:00.000Z,象山,19.1,94,0.1,西风,1,1008.8,3724
2016-04-20T19:00:00.000Z,宁海,18.5,99,0.9,西南偏西风,2,1008.1,3716
2016-04-20T20:00:00.000Z,慈溪,19.4,97,2,西北风,1,1006.7,1663
2016-04-20T20:00:00.000Z,余姚,18.9,98,1.5,东风,2,1006.8,1537
2016-04-20T20:00:00.000Z,镇海,19.2,99,0.6,北风,0,1006.8,1946
2016-04-20T20:00:00.000Z,鄞州,19.4,96,0.3,西南风,2,1006.8,5380
2016-04-20T20:00:00.000Z,北仑,20,96,0.4,东南风,2,1006.9,16007
2016-04-20T20:00:00.000Z,奉化,20,94,0.2,南风,2,1007.4,16914
2016-04-20T20:00:00.000Z,象山,18.9,96,2.9,东北偏东风,2,1008.1,1829
2016-04-20T20:00:00.000Z,宁海,18.8,98,0.7,西南偏南风,2,1008,5255
2016-04-20T21:00:00.000Z,慈溪,19.6,98,1.4,西南偏西风,1,1006.9,3250
2016-04-20T21:00:00.000Z,余姚,18.8,98,2.4,东风,1,1007,928
2016-04-20T21:00:00.000Z,镇海,19.7,99,3.6,西南偏西风,2,1007.5,2481
2016-04-20T21:00:00.000Z,鄞州,19.6,96,1.3,西南偏南风,2,1007.2,6236
2016-04-20T21:00:00.000Z,北仑,20.2,92,0.7,东南风,2,1007.1,16697
2016-04-20T21:00:00.000Z,奉化,19.8,95,0.7,西南偏南风,2,1007.6,11368
2016-04-20T21:00:00.000Z,象山,18.8,96,0.1,北风,0,1008,2646
2016-04-20T21:00:00.000Z,宁海,19,98,0.1,西南偏南风,1,1007.9,5434
2016-04-20T22:00:00.000Z,慈溪,19,94,0.8,西北偏西风,3,1008.4,5228
2016-04-20T22:00:00.000Z,余姚,19.3,98,1.3,西北偏西风,4,1008.4,7909
2016-04-20T22:00:00.000Z,镇海,19.7,99,11.4,南风,2,1007.8,2258
2016-04-20T22:00:00.000Z,鄞州,19.6,97,7.9,东南风,2,1007.8,1011
2016-04-20T22:00:00.000Z,北仑,20.1,94,2.7,西风,1,1008.2,3481
2016-04-20T22:00:00.000Z,奉化,19.6,96,2.8,西北偏北风,1,1008,4282
2016-04-20T22:00:00.000Z,象山,18.8,96,0,西北风,1,1008.2,1215
2016-04-20T22:00:00.000Z,宁海,18.9,98,0,西风,1,1008.4,3999
2016-04-20T23:00:00.000Z,慈溪,18.1,93,0.3,西北偏西风,2,1009.3,11570
2016-04-20T23:00:00.000Z,余姚,17.8,96,1.3,西北偏西风,2,1009.6,15480
2016-04-20T23:00:00.000Z,镇海,19.9,99,1.6,西北偏北风,1,1008.7,2637
2016-04-20T23:00:00.000Z,鄞州,19.6,98,3.9,东北风,2,1008.3,2207
2016-04-20T23:00:00.000Z,北仑,20.1,96,10.3,北风,0,1008.4,3861
2016-04-20T23:00:00.000Z,奉化,19.7,97,1.7,东南风,1,1008.4,9499
2016-04-20T23:00:00.000Z,象山,19.1,97,0.1,西北风,1,1008.8,1790
2016-04-20T23:00:00.000Z,宁海,19,99,0.1,北风,0,1008.8,4869
2016-04-21T00:00:00.000Z,慈溪,17.8,94,2.5,西北偏西风,2,1010.4,6075
2016-04-21T00:00:00.000Z,余姚,17.3,96,1.1,西北偏西风,2,1010.8,7419
2016-04-21T00:00:00.000Z,镇海,18.4,97,0.4,西北风,2,1010.1,11877
2016-04-21T00:00:00.000Z,鄞州,18.9,93,0.3,西北偏北风,5,1009.6,12302
2016-04-21T00:00:00.000Z,北仑,19.5,93,1,西北风,3,1009.8,13998
2016-04-21T00:00:00.000Z,奉化,19.8,97,0,东北风,3,1009.4,5265
2016-04-21T00:00:00.000Z,象山,19.9,97,0,北风,0,1009.2,2960
2016-04-21T00:00:00.000Z,宁海,20.2,95,0,西南偏南风,1,1009.2,8460
2016-04-21T01:00:00.000Z,慈溪,17.8,93,0.4,西北偏西风,2,1011.4,5584
2016-04-21T01:00:00.000Z,余姚,17.2,96,1.9,西南偏西风,3,1011.8,8697
2016-04-21T01:00:00.000Z,镇海,17.9,95,0.6,西北风,2,1010.6,8795
2016-04-21T01:00:00.000Z,鄞州,18.1,92,0.5,西北偏北风,5,1010.6,20000
2016-04-21T01:00:00.000Z,北仑,18.6,91,1.1,西风,2,1011,15949
2016-04-21T01:00:00.000Z,奉化,18.4,92,0.3,北风,3,1010.4,35000
2016-04-21T01:00:00.000Z,象山,20.7,93,0,北风,0,1009.9,3845
2016-04-21T01:00:00.000Z,宁海,21.6,88,0,北风,0,1009.5,12906
2016-04-21T02:00:00.000Z,慈溪,17.6,95,3.5,西北风,2,1011.7,6326
2016-04-21T02:00:00.000Z,余姚,17.4,96,1,西南偏西风,3,1012,10297
2016-04-21T02:00:00.000Z,镇海,17.8,96,0.5,西北偏西风,2,1011.4,7091
2016-04-21T02:00:00.000Z,鄞州,18.1,92,0.2,西北偏北风,4,1011.3,12155
2016-04-21T02:00:00.000Z,北仑,18,92,0.6,西北风,2,1011.6,16878
2016-04-21T02:00:00.000Z,奉化,17.9,91,0.5,北风,3,1011.3,35000
2016-04-21T02:00:00.000Z,象山,19.9,89,0.1,西北偏西风,2,1010.7,9715
2016-04-21T02:00:00.000Z,宁海,20.3,90,0,东北偏北风,3,1010.5,14649
2016-04-21T03:00:00.000Z,慈溪,17.5,94,2.2,西北偏西风,2,1012.2,6612
2016-04-21T03:00:00.000Z,余姚,17.3,96,1.4,西风,2,1012.1,11422
2016-04-21T03:00:00.000Z,镇海,17.9,97,3.2,西北偏西风,1,1011.9,6276
2016-04-21T03:00:00.000Z,鄞州,18.3,92,0.2,西北偏北风,3,1011.8,17660
2016-04-21T03:00:00.000Z,北仑,17.9,91,0.2,西北风,2,1012,13924
2016-04-21T03:00:00.000Z,奉化,18.2,92,0.3,东北风,2,1011.8,12277
2016-04-21T03:00:00.000Z,象山,18.9,89,0,西北偏西风,2,1011.4,9628
2016-04-21T03:00:00.000Z,宁海,18.2,96,0.7,东北偏北风,2,1011.2,8657
2016-04-21T04:00:00.000Z,慈溪,18.3,87,0.1,西北偏西风,2,1012.1,9145
2016-04-21T04:00:00.000Z,余姚,17.1,96,0.2,西风,2,1012.2,5045
2016-04-21T04:00:00.000Z,镇海,17.6,97,0.9,西北偏北风,1,1011.7,10058
2016-04-21T04:00:00.000Z,鄞州,18.2,89,0.2,西北偏北风,4,1011.6,20000
2016-04-21T04:00:00.000Z,北仑,18,92,0.2,西风,2,1011.8,16579
2016-04-21T04:00:00.000Z,奉化,18.4,91,0.5,东北风,2,1011.7,25575
2016-04-21T04:00:00.000Z,象山,19.1,89,0.6,西北风,2,1011.1,14374
2016-04-21T04:00:00.000Z,宁海,18.1,97,0.4,北风,2,1011.3,11023
2016-04-21T05:00:00.000Z,慈溪,18.9,87,0,西风,2,1011.6,7959
2016-04-21T05:00:00.000Z,余姚,17.4,95,0.2,西南偏西风,2,1011.6,10833
2016-04-21T05:00:00.000Z,镇海,17.9,93,0,西北偏西风,2,1011.4,10283
2016-04-21T05:00:00.000Z,鄞州,18,91,0.2,北风,4,1011.3,17070
2016-04-21T05:00:00.000Z,北仑,18,90,0,西风,2,1011.6,19626
2016-04-21T05:00:00.000Z,奉化,18.3,92,0.4,北风,1,1011.4,16185
2016-04-21T05:00:00.000Z,象山,19.3,86,0,西北风,2,1010.9,24365
2016-04-21T05:00:00.000Z,宁海,18,95,0.1,东北风,2,1011.1,7407
2016-04-21T06:00:00.000Z,慈溪,20,76,0,西南偏西风,2,1011,8744
2016-04-21T06:00:00.000Z,余姚,18.3,89,0.1,西南风,2,1011.4,16961
2016-04-21T06:00:00.000Z,镇海,18.7,89,0,西北偏西风,1,1011,18704
2016-04-21T06:00:00.000Z,鄞州,18,88,0,北风,4,1011.1,18316
2016-04-21T06:00:00.000Z,北仑,17.9,90,0.1,西北偏西风,2,1011.3,12898
2016-04-21T06:00:00.000Z,奉化,18.2,94,0.1,东南偏东风,1,1011.3,14803
2016-04-21T06:00:00.000Z,象山,18.7,88,0.3,西北风,2,1011,16711
2016-04-21T06:00:00.000Z,宁海,18,97,1.2,东北偏北风,2,1010.8,4469
2016-04-21T07:00:00.000Z,慈溪,20.2,76,0,西南偏西风,2,1010.8,9586
2016-04-21T07:00:00.000Z,余姚,18.3,91,0,西南偏南风,2,1011.2,11344
2016-04-21T07:00:00.000Z,镇海,19,88,0,西南偏西风,1,1011.2,15622
2016-04-21T07:00:00.000Z,鄞州,18.6,86,0.1,北风,3,1011,16838
2016-04-21T07:00:00.000Z,北仑,18.6,88,0,西风,1,1011.1,13063
2016-04-21T07:00:00.000Z,奉化,18.6,92,0,东南风,1,1011.1,11894
2016-04-21T07:00:00.000Z,象山,18.3,92,1.6,西北偏西风,2,1010.9,14818
2016-04-21T07:00:00.000Z,宁海,17.8,98,2.8,北风,2,1010.9,2785
2016-04-21T08:00:00.000Z,慈溪,20.1,77,0,西南偏南风,2,1010.3,7066
2016-04-21T08:00:00.000Z,余姚,19.1,85,0.1,西南风,2,1010.7,20762
2016-04-21T08:00:00.000Z,镇海,18.9,91,0.5,西南偏西风,2,1010.8,8102
2016-04-21T08:00:00.000Z,鄞州,19,79,0,西北风,3,1010.9,20000
2016-04-21T08:00:00.000Z,北仑,18.6,89,0.4,西南偏西风,1,1011,17890
2016-04-21T08:00:00.000Z,奉化,18.6,93,0.1,东北偏北风,1,1011,8100
2016-04-21T08:00:00.000Z,象山,17.9,93,2.3,西北偏西风,1,1011,7032
2016-04-21T08:00:00.000Z,宁海,17.9,98,1.1,东北偏北风,2,1010.7,6109
2016-04-21T09:00:00.000Z,慈溪,19.7,80,0,西风,2,1010.6,6506
2016-04-21T09:00:00.000Z,余姚,18.8,83,0,西南风,1,1010.7,30671
2016-04-21T09:00:00.000Z,镇海,18.7,87,0,西南偏西风,2,1010.5,11079
2016-04-21T09:00:00.000Z,鄞州,19.8,82,0,西南偏南风,2,1010.3,20000
2016-04-21T09:00:00.000Z,北仑,19.6,81,0,西南风,2,1010.5,24421
2016-04-21T09:00:00.000Z,奉化,19,91,0,南风,1,1010.7,11723
2016-04-21T09:00:00.000Z,象山,18.5,90,0.2,西北偏西风,1,1011,13534
2016-04-21T09:00:00.000Z,宁海,18.5,95,0,西北偏北风,1,1011,13313
2016-04-21T10:00:00.000Z,慈溪,19.4,80,0,西南风,2,1011.1,8012
2016-04-21T10:00:00.000Z,余姚,18.7,85,0,西风,1,1011.2,30930
2016-04-21T10:00:00.000Z,镇海,18.6,90,0,西南偏西风,1,1011,9759
2016-04-21T10:00:00.000Z,鄞州,19,87,0,西南偏南风,2,1010.9,17522
2016-04-21T10:00:00.000Z,北仑,18.9,86,0,西北偏西风,1,1011.1,18567
2016-04-21T10:00:00.000Z,奉化,18.6,93,0,东南风,1,1011,8013
2016-04-21T10:00:00.000Z,象山,18.2,93,0,北风,0,1011.3,3581
2016-04-21T10:00:00.000Z,宁海,18.4,95,0,西北偏北风,1,1011.2,15789
2016-04-21T11:00:00.000Z,慈溪,18.8,86,0,西风,1,1011.2,5976
2016-04-21T11:00:00.000Z,余姚,17.8,91,0,西南偏南风,2,1011.6,14614
2016-04-21T11:00:00.000Z,镇海,17.9,95,0,西南风,1,1011.5,6529
2016-04-21T11:00:00.000Z,鄞州,18.7,90,0,南风,2,1011.4,12264
2016-04-21T11:00:00.000Z,北仑,17.9,91,0,北风,0,1011.7,15809
2016-04-21T11:00:00.000Z,奉化,18.3,95,0,北风,0,1011.7,5894
2016-04-21T11:00:00.000Z,象山,17.6,95,0,东北偏东风,1,1011.6,2791
2016-04-21T11:00:00.000Z,宁海,18.4,96,0,东南偏南风,1,1011.7,5131
2016-04-21T12:00:00.000Z,慈溪,18.3,89,0,西风,2,1011.9,5202
2016-04-21T12:00:00.000Z,余姚,17.7,89,0,西南风,1,1012,23163
2016-04-21T12:00:00.000Z,镇海,17,96,0,北风,0,1011.9,3223
2016-04-21T12:00:00.000Z,鄞州,18.4,92,0,东南偏南风,2,1011.7,9556
2016-04-21T12:00:00.000Z,北仑,17.4,91,0,南风,1,1012,18700
2016-04-21T12:00:00.000Z,奉化,18.1,95,0,西南偏南风,1,1011.9,3296
2016-04-21T12:00:00.000Z,象山,17.4,95,0,北风,0,1012.3,1117
2016-04-21T12:00:00.000Z,宁海,17.9,98,0,东南风,1,1012,3960
2016-04-21T13:00:00.000Z,慈溪,17.8,87,0,西北偏西风,1,1012.2,6043
2016-04-21T13:00:00.000Z,余姚,16.4,92,0,东南偏南风,2,1012.4,23416
2016-04-21T13:00:00.000Z,镇海,16.2,98,0,南风,1,1012.3,1344
2016-04-21T13:00:00.000Z,鄞州,18.1,93,0,西风,2,1012.2,9730
2016-04-21T13:00:00.000Z,北仑,16.6,91,0,东南风,1,1012.6,18881
2016-04-21T13:00:00.000Z,奉化,17.3,95,0,北风,0,1012.6,7153
2016-04-21T13:00:00.000Z,象山,17.2,96,0,北风,0,1012.7,1874
2016-04-21T13:00:00.000Z,宁海,17.8,98,0,东南风,1,1012.6,8653
2016-04-21T14:00:00.000Z,慈溪,17.3,90,0,西南风,1,1012.3,5549
2016-04-21T14:00:00.000Z,余姚,16.1,89,0,东南偏南风,2,1012.4,26600
2016-04-21T14:00:00.000Z,镇海,15.3,98,0,西南偏西风,1,1012.5,1206
2016-04-21T14:00:00.000Z,鄞州,17.5,96,0,西南偏南风,2,1012.5,6790
2016-04-21T14:00:00.000Z,北仑,15.7,93,0,南风,1,1012.7,18185
2016-04-21T14:00:00.000Z,奉化,17.1,97,0,北风,0,1012.7,12255
2016-04-21T14:00:00.000Z,象山,16.9,96,0,北风,0,1012.7,2986
2016-04-21T14:00:00.000Z,宁海,17.2,98,0,南风,1,1012.7,5560
2016-04-21T15:00:00.000Z,慈溪,16.8,92,0,西北偏北风,1,1012.2,5407
2016-04-21T15:00:00.000Z,余姚,15.6,91,0,东南偏南风,2,1012.3,16932
2016-04-21T15:00:00.000Z,镇海,14.9,98,0,南风,1,1012.3,720
2016-04-21T15:00:00.000Z,鄞州,16.7,94,0,西南风,2,1012.3,14897
2016-04-21T15:00:00.000Z,北仑,15.2,94,0,东南风,1,1012.5,14706
2016-04-21T15:00:00.000Z,奉化,16.4,96,0,北风,0,1012.6,9785
2016-04-21T15:00:00.000Z,象山,15.9,96,0,北风,0,1012.7,1291
2016-04-21T15:00:00.000Z,宁海,16.7,99,0,北风,0,1012.5,6584
2016-04-21T16:00:00.000Z,慈溪,16.4,92,0,北风,0,1012,4824
2016-04-21T16:00:00.000Z,余姚,15.6,92,0,东南偏东风,1,1012.2,16510
2016-04-21T16:00:00.000Z,镇海,14.8,99,0,东南偏南风,1,1012,347
2016-04-21T16:00:00.000Z,鄞州,16.2,95,0,南风,2,1012.2,12577
2016-04-21T16:00:00.000Z,北仑,15,95,0,南风,1,1012.4,11548
2016-04-21T16:00:00.000Z,奉化,15.8,96,0,北风,0,1012.5,6217
2016-04-21T16:00:00.000Z,象山,15.3,97,0,北风,0,1012.7,736
2016-04-21T16:00:00.000Z,宁海,16.6,99,0,东南风,1,1012.7,862
2016-04-21T17:00:00.000Z,慈溪,15.7,94,0,北风,0,1011.9,3731
2016-04-21T17:00:00.000Z,余姚,15,92,0,东南偏东风,1,1012.4,20217
2016-04-21T17:00:00.000Z,镇海,15.5,99,0,西南偏西风,1,1012,1096
2016-04-21T17:00:00.000Z,鄞州,16.1,94,0,西南偏南风,2,1012.1,13276
2016-04-21T17:00:00.000Z,北仑,15.1,95,0,东南风,1,1012,12017
2016-04-21T17:00:00.000Z,奉化,15.6,97,0,北风,0,1012.3,9590
2016-04-21T17:00:00.000Z,象山,15.9,97,0,北风,0,1012.5,298
2016-04-21T17:00:00.000Z,宁海,16.6,100,0,东南风,1,1012.3,196
2016-04-21T18:00:00.000Z,慈溪,15.9,93,0,西北偏西风,1,1011.7,6142
2016-04-21T18:00:00.000Z,余姚,14.5,91,0,东南风,1,1011.8,17979
2016-04-21T18:00:00.000Z,镇海,14.8,99,0,西风,1,1011.8,1198
2016-04-21T18:00:00.000Z,鄞州,15.4,93,0,西南偏西风,2,1011.8,11791
2016-04-21T18:00:00.000Z,北仑,14.9,95,0,北风,0,1012,11538
2016-04-21T18:00:00.000Z,奉化,15.2,96,0,北风,0,1012,9357
2016-04-21T18:00:00.000Z,象山,16.3,98,0,北风,0,1012.2,157
2016-04-21T18:00:00.000Z,宁海,16.1,100,0,东南偏南风,1,1012.2,4006
2016-04-21T19:00:00.000Z,慈溪,14.8,95,0,北风,0,1011.3,2422
2016-04-21T19:00:00.000Z,余姚,14.5,91,0,东风,1,1011.4,16796
2016-04-21T19:00:00.000Z,镇海,14,99,0,南风,1,1011.5,749
2016-04-21T19:00:00.000Z,鄞州,15.4,87,0,西南偏南风,2,1011.5,20000
2016-04-21T19:00:00.000Z,北仑,15.1,96,0,东南偏南风,1,1011.7,11204
2016-04-21T19:00:00.000Z,奉化,15.3,97,0,北风,0,1011.8,7491
2016-04-21T19:00:00.000Z,象山,16.4,98,0,北风,0,1012.1,157
2016-04-21T19:00:00.000Z,宁海,16.2,99,0,西南偏南风,1,1012,12482
2016-04-21T20:00:00.000Z,慈溪,14.5,97,0,东南偏南风,1,1010.9,2026
2016-04-21T20:00:00.000Z,余姚,14,95,0,东风,2,1011,7851
2016-04-21T20:00:00.000Z,镇海,15,99,0,西南偏南风,1,1011.5,2960
2016-04-21T20:00:00.000Z,鄞州,15.8,92,0,西南偏南风,2,1011.5,18070
2016-04-21T20:00:00.000Z,北仑,15.5,95,0,北风,0,1011.7,11801
2016-04-21T20:00:00.000Z,奉化,15.2,97,0,东南偏南风,1,1011.7,11900
2016-04-21T20:00:00.000Z,象山,16.3,98,0,北风,0,1011.8,1368
2016-04-21T20:00:00.000Z,宁海,16.3,99,0,南风,1,1011.8,1283
2016-04-21T21:00:00.000Z,慈溪,14.2,96,0,北风,0,1011.3,2409
2016-04-21T21:00:00.000Z,余姚,13.9,95,0,东南偏东风,2,1011.5,5610
2016-04-21T21:00:00.000Z,镇海,15,99,0,西北偏西风,1,1011.5,1457
2016-04-21T21:00:00.000Z,鄞州,16,94,0,西南偏南风,2,1011.4,9390
2016-04-21T21:00:00.000Z,北仑,15.8,95,0,北风,0,1011.5,12126
2016-04-21T21:00:00.000Z,奉化,15.2,98,0,西北偏北风,1,1011.6,4922
2016-04-21T21:00:00.000Z,象山,15.9,98,0,北风,0,1011.7,1934
2016-04-21T21:00:00.000Z,宁海,16,99,0,东南风,1,1011.6,3964
2016-04-21T22:00:00.000Z,慈溪,14.2,97,0,北风,0,1011.3,2013
2016-04-21T22:00:00.000Z,余姚,14.1,93,0,东南偏东风,1,1011.4,10180
2016-04-21T22:00:00.000Z,镇海,15.3,99,0,北风,0,1011.7,3521
2016-04-21T22:00:00.000Z,鄞州,16,92,0,东南风,2,1011.6,16568
2016-04-21T22:00:00.000Z,北仑,16,95,0,北风,0,1012,11465
2016-04-21T22:00:00.000Z,奉化,15.2,97,0,北风,0,1011.8,7758
2016-04-21T22:00:00.000Z,象山,15.8,98,0,北风,0,1012.2,1983
2016-04-21T22:00:00.000Z,宁海,15.9,99,0,西南偏南风,2,1012,1095
2016-04-21T23:00:00.000Z,慈溪,16.5,88,0,西南风,1,1011.7,4881
2016-04-21T23:00:00.000Z,余姚,15.8,88,0,东南偏东风,1,1011.9,12048
2016-04-21T23:00:00.000Z,镇海,16.5,99,0,西南风,1,1012,5543
2016-04-21T23:00:00.000Z,鄞州,16.7,90,0,西南风,2,1012,17272
2016-04-21T23:00:00.000Z,北仑,16.8,94,0,北风,0,1012.1,12315
2016-04-21T23:00:00.000Z,奉化,16.4,97,0,西北风,1,1012.4,11321
2016-04-21T23:00:00.000Z,象山,16.6,98,0,北风,0,1012.5,3965
2016-04-21T23:00:00.000Z,宁海,16,99,0.1,南风,1,1012.7,1387
2016-04-22T00:00:00.000Z,慈溪,19.5,75,0,西北偏北风,1,1012.2,5354
2016-04-22T00:00:00.000Z,余姚,19.4,78,0,东北偏东风,1,1012.3,12256
2016-04-22T00:00:00.000Z,镇海,18,92,0,西南偏南风,2,1012.5,9504
2016-04-22T00:00:00.000Z,鄞州,18.4,82,0,西南偏南风,2,1012.5,19783
2016-04-22T00:00:00.000Z,北仑,18.6,87,0,北风,0,1012.6,16387
2016-04-22T00:00:00.000Z,奉化,19.1,85,0,东北偏北风,1,1012.6,22563
2016-04-22T00:00:00.000Z,象山,19.2,95,0,东风,1,1012.9,7251
2016-04-22T00:00:00.000Z,宁海,17.3,98,0,西南偏南风,2,1012.9,19601
2016-04-22T01:00:00.000Z,慈溪,23,59,0,东风,2,1011.9,8882
2016-04-22T01:00:00.000Z,余姚,21.3,73,0,东北偏东风,2,1012.1,13401
2016-04-22T01:00:00.000Z,镇海,21.1,77,0,南风,1,1012.5,12286
2016-04-22T01:00:00.000Z,鄞州,21,72,0,西南风,2,1012.6,20000
2016-04-22T01:00:00.000Z,北仑,21.8,73,0,东北风,2,1012.5,17005
2016-04-22T01:00:00.000Z,奉化,21.8,70,0,东南偏东风,2,1012.4,26458
2016-04-22T01:00:00.000Z,象山,21.8,73,0,东风,2,1013.1,8853
2016-04-22T01:00:00.000Z,宁海,20.2,82,0,南风,2,1012.8,33811
2016-04-22T02:00:00.000Z,慈溪,24.8,53,0,东风,2,1011.4,14433
2016-04-22T02:00:00.000Z,余姚,23.8,68,0,东北偏东风,3,1011.5,17571
2016-04-22T02:00:00.000Z,镇海,23.1,66,0,南风,2,1012.2,10555
2016-04-22T02:00:00.000Z,鄞州,22.8,64,0,东南偏南风,3,1012,19380
2016-04-22T02:00:00.000Z,北仑,24.5,58,0,南风,2,1012.4,19847
2016-04-22T02:00:00.000Z,奉化,23.2,61,0,东南偏南风,4,1012.1,15201
2016-04-22T02:00:00.000Z,象山,23.2,66,0,东南偏东风,2,1013,8470
2016-04-22T02:00:00.000Z,宁海,22.2,68,0,东南偏南风,3,1012.7,17517
2016-04-22T03:00:00.000Z,慈溪,25.6,49,0,东南偏东风,2,1011.7,10293
2016-04-22T03:00:00.000Z,余姚,25.2,58,0,东北偏东风,3,1011.5,14145
2016-04-22T03:00:00.000Z,镇海,25,52,0,东南偏南风,3,1011.8,14358
2016-04-22T03:00:00.000Z,鄞州,24.6,53,0,东南偏南风,4,1011.6,20000
2016-04-22T03:00:00.000Z,北仑,25,52,0,东南偏南风,2,1012.1,22389
2016-04-22T03:00:00.000Z,奉化,24.8,58,0,东南偏南风,2,1011.8,14664
2016-04-22T03:00:00.000Z,象山,23.8,61,0,东南偏东风,2,1012.8,8496
2016-04-22T03:00:00.000Z,宁海,23.2,63,0,东南偏东风,3,1012.4,20625
2016-04-22T04:00:00.000Z,慈溪,26.6,48,0,东风,2,1010.9,9284
2016-04-22T04:00:00.000Z,余姚,26,52,0,东北偏东风,4,1010.8,18560
2016-04-22T04:00:00.000Z,镇海,25.8,49,0,东南风,2,1011.3,15482
2016-04-22T04:00:00.000Z,鄞州,25.4,55,0,东南偏南风,4,1011.1,20000
2016-04-22T04:00:00.000Z,北仑,25.5,42,0,南风,2,1011.9,30321
2016-04-22T04:00:00.000Z,奉化,25.3,51,0,南风,3,1011.3,28942
2016-04-22T04:00:00.000Z,象山,24.6,47,0,东南偏东风,2,1012.2,11778
2016-04-22T04:00:00.000Z,宁海,23.6,60,0,东南风,3,1012.1,20564
2016-04-22T05:00:00.000Z,慈溪,27.2,44,0,东南偏东风,2,1009.9,10726
2016-04-22T05:00:00.000Z,余姚,26.6,50,0,东北偏东风,3,1010,21583
2016-04-22T05:00:00.000Z,镇海,26.3,48,0,东南风,3,1010.5,18091
2016-04-22T05:00:00.000Z,鄞州,26,51,0,南风,4,1010.5,20000
2016-04-22T05:00:00.000Z,北仑,26.3,36,0,南风,1,1011.3,28998
2016-04-22T05:00:00.000Z,奉化,25.6,47,0,南风,4,1010.6,32269
2016-04-22T05:00:00.000Z,象山,23.9,52,0,东风,2,1011.7,11315
2016-04-22T05:00:00.000Z,宁海,23.8,54,0,东南风,2,1011.1,22469
2016-04-22T06:00:00.000Z,慈溪,27.1,49,0,东风,2,1009.4,8471
2016-04-22T06:00:00.000Z,余姚,26.7,52,0,东风,4,1009.3,21381
2016-04-22T06:00:00.000Z,镇海,26.4,48,0,东南风,2,1009.9,20878
2016-04-22T06:00:00.000Z,鄞州,25.6,51,0,东南偏南风,4,1009.8,20000
2016-04-22T06:00:00.000Z,北仑,26.1,36,0,南风,2,1010.6,35000
2016-04-22T06:00:00.000Z,奉化,25.4,43,0,东南偏南风,3,1010,34883
2016-04-22T06:00:00.000Z,象山,23.5,50,0,东风,2,1011.2,12509
2016-04-22T06:00:00.000Z,宁海,22.5,58,0,东南风,4,1010.8,18857
2016-04-22T07:00:00.000Z,慈溪,26.1,50,0,东风,2,1009,11173
2016-04-22T07:00:00.000Z,余姚,27,50,0,东南风,2,1008.9,25969
2016-04-22T07:00:00.000Z,镇海,25.2,47,0,东南风,2,1009.5,22781
2016-04-22T07:00:00.000Z,鄞州,24.9,52,0,南风,4,1009.4,20000
2016-04-22T07:00:00.000Z,北仑,24.8,37,0,东南风,2,1010.2,35000
2016-04-22T07:00:00.000Z,奉化,24.6,46,0,南风,4,1009.4,32885
2016-04-22T07:00:00.000Z,象山,22.3,54,0,东南偏东风,2,1011,10238
2016-04-22T07:00:00.000Z,宁海,22.2,55,0,东南偏南风,1,1010.5,19969
2016-04-22T08:00:00.000Z,慈溪,25.4,51,0,东风,2,1008.8,11980
2016-04-22T08:00:00.000Z,余姚,25.4,53,0,东风,3,1008.7,27039
2016-04-22T08:00:00.000Z,镇海,23.3,48,0,东南风,3,1009.5,25009
2016-04-22T08:00:00.000Z,鄞州,24.1,53,0,东南风,4,1009.1,20000
2016-04-22T08:00:00.000Z,北仑,21.4,52,0,东南偏南风,2,1010.4,35000
2016-04-22T08:00:00.000Z,奉化,22.6,54,0,东南偏南风,4,1009.3,27526
2016-04-22T08:00:00.000Z,象山,20.9,63,0,东南偏东风,2,1010.7,8988
2016-04-22T08:00:00.000Z,宁海,21.1,59,0,东南风,2,1010.1,17679
2016-04-22T09:00:00.000Z,慈溪,24.1,52,0,东南偏东风,2,1008.8,11607
2016-04-22T09:00:00.000Z,余姚,24.1,56,0,东风,3,1008.8,24969
2016-04-22T09:00:00.000Z,镇海,22.1,58,0,东南偏东风,2,1009.7,19683
2016-04-22T09:00:00.000Z,鄞州,23,46,0,东南偏南风,4,1009.3,20000
2016-04-22T09:00:00.000Z,北仑,20,63,0,南风,1,1010.3,25625
2016-04-22T09:00:00.000Z,奉化,21.8,60,0,东南偏南风,3,1009.5,22268
2016-04-22T09:00:00.000Z,象山,20.3,57,0,东风,1,1010.8,11594
2016-04-22T09:00:00.000Z,宁海,21,57,0,东南偏南风,1,1010.1,18566
2016-04-22T10:00:00.000Z,慈溪,23.3,56,0,东南偏东风,2,1009.2,11018
2016-04-22T10:00:00.000Z,余姚,22.6,61,0,东北偏东风,3,1009,26902
2016-04-22T10:00:00.000Z,镇海,21.3,61,0,东南风,2,1010.1,14757
2016-04-22T10:00:00.000Z,鄞州,22.1,51,0,东南偏南风,3,1009.9,20000
2016-04-22T10:00:00.000Z,北仑,19.7,57,0,东南风,2,1010.7,31466
2016-04-22T10:00:00.000Z,奉化,21.4,62,0,南风,3,1010.1,20123
2016-04-22T10:00:00.000Z,象山,19.7,59,0,东南偏东风,2,1011.6,11208
2016-04-22T10:00:00.000Z,宁海,20.2,59,0,东南偏南风,1,1011,21355
2016-04-22T11:00:00.000Z,慈溪,22.4,60,0,东南偏东风,1,1009.5,12109
2016-04-22T11:00:00.000Z,余姚,21.6,65,0,东风,4,1009.5,21130
2016-04-22T11:00:00.000Z,镇海,20.6,58,0,东南风,2,1010.4,19263
2016-04-22T11:00:00.000Z,鄞州,20.6,64,0,东风,3,1010.2,17022
2016-04-22T11:00:00.000Z,北仑,19.5,59,0,南风,2,1010.9,32085
2016-04-22T11:00:00.000Z,奉化,20.8,60,0,东南偏南风,4,1010.3,19541
2016-04-22T11:00:00.000Z,象山,19.1,67,0,东南风,1,1011.7,8783
2016-04-22T11:00:00.000Z,宁海,19.8,58,0,北风,0,1011.2,23031
2016-04-22T12:00:00.000Z,慈溪,22,59,0,东南风,2,1010,11608
2016-04-22T12:00:00.000Z,余姚,20.8,65,0,东北偏东风,4,1009.6,20822
2016-04-22T12:00:00.000Z,镇海,19.7,63,0,东南风,2,1010.7,15784
2016-04-22T12:00:00.000Z,鄞州,20,65,0,东南偏东风,3,1010.5,17566
2016-04-22T12:00:00.000Z,北仑,19.1,61,0,东南偏南风,1,1011.2,31989
2016-04-22T12:00:00.000Z,奉化,20.6,58,0,东南风,2,1010.4,24133
2016-04-22T12:00:00.000Z,象山,18.4,76,0,东南偏东风,1,1011.9,7698
2016-04-22T12:00:00.000Z,宁海,18.9,67,0,北风,0,1011.1,16951
2016-04-22T13:00:00.000Z,慈溪,20,75,0.3,东风,1,1010.3,7880
2016-04-22T13:00:00.000Z,余姚,19.2,74,0,东风,4,1010.1,16010
2016-04-22T13:00:00.000Z,镇海,19.5,61,0,东南风,1,1010.9,18024
2016-04-22T13:00:00.000Z,鄞州,19.3,65,0,东南偏东风,3,1010.7,20000
2016-04-22T13:00:00.000Z,北仑,18.9,63,0,西南偏南风,1,1011.5,32733
2016-04-22T13:00:00.000Z,奉化,19.9,56,0,南风,4,1010.5,26122
2016-04-22T13:00:00.000Z,象山,17.8,57,0,东风,1,1012,19948
2016-04-22T13:00:00.000Z,宁海,18.7,65,0,北风,0,1011.3,21443
2016-04-22T14:00:00.000Z,慈溪,18.3,82,0.8,南风,1,1010.5,6090
2016-04-22T14:00:00.000Z,余姚,17.8,83,0.9,东北偏东风,4,1009.8,9102
2016-04-22T14:00:00.000Z,镇海,19.3,55,0,东南偏东风,2,1010.5,21747
2016-04-22T14:00:00.000Z,鄞州,18.9,65,0,东南偏东风,3,1010.3,20000
2016-04-22T14:00:00.000Z,北仑,18.5,73,0,东南偏南风,1,1011,29991
2016-04-22T14:00:00.000Z,奉化,18.2,65,0,东南偏南风,3,1010.7,15787
2016-04-22T14:00:00.000Z,象山,18,58,0,东南风,1,1011.7,22811
2016-04-22T14:00:00.000Z,宁海,18.3,67,0,南风,1,1011.4,17299
2016-04-22T15:00:00.000Z,慈溪,16.8,86,2.8,东南偏南风,2,1011.3,3816
2016-04-22T15:00:00.000Z,余姚,16.2,92,10.6,东北偏东风,4,1009.9,4645
2016-04-22T15:00:00.000Z,镇海,15.9,88,2.9,西南偏南风,2,1011.8,3751
2016-04-22T15:00:00.000Z,鄞州,16.4,84,5.8,东南偏南风,3,1010.9,3716
2016-04-22T15:00:00.000Z,北仑,17.5,73,0.1,西南偏西风,1,1011.4,25936
2016-04-22T15:00:00.000Z,奉化,15.1,84,3.7,东南偏南风,3,1011.1,8989
2016-04-22T15:00:00.000Z,象山,17,85,0.6,北风,0,1011.9,3717
2016-04-22T15:00:00.000Z,宁海,15.8,93,3.2,北风,0,1011.2,3975
2016-04-22T16:00:00.000Z,慈溪,14.7,90,6,东风,2,1010.4,3914
2016-04-22T16:00:00.000Z,余姚,15,95,5,东风,5,1008.7,3465
2016-04-22T16:00:00.000Z,镇海,13.7,89,3.1,东南风,2,1011.2,11258
2016-04-22T16:00:00.000Z,鄞州,15.1,82,1.5,东南偏东风,3,1010.8,11202
2016-04-22T16:00:00.000Z,北仑,13.5,74,3.1,东南偏南风,1,1011.1,28467
2016-04-22T16:00:00.000Z,奉化,13.9,87,2.6,东南偏南风,3,1010.9,5693
2016-04-22T16:00:00.000Z,象山,16,93,2.2,北风,1,1011.1,1418
2016-04-22T16:00:00.000Z,宁海,15.2,94,6.3,东风,1,1011.1,2891
2016-04-22T17:00:00.000Z,慈溪,13.9,89,7.2,东南偏东风,3,1009.1,5351
2016-04-22T17:00:00.000Z,余姚,14.6,94,1.6,东风,4,1008.4,7761
2016-04-22T17:00:00.000Z,镇海,13,88,1.8,东南风,2,1010.4,15033
2016-04-22T17:00:00.000Z,鄞州,14,88,2.6,东南风,4,1009.6,12460
2016-04-22T17:00:00.000Z,北仑,12.8,87,6.1,东北偏东风,2,1010.5,4480
2016-04-22T17:00:00.000Z,奉化,13.5,91,2.1,东南风,2,1009.8,8365
2016-04-22T17:00:00.000Z,象山,15.5,94,8,东北风,1,1010.4,2418
2016-04-22T17:00:00.000Z,宁海,15.4,96,1.3,北风,0,1010.1,6073
2016-04-22T18:00:00.000Z,慈溪,13.2,91,4.2,东风,2,1008.9,6324
2016-04-22T18:00:00.000Z,余姚,13.4,94,0.8,东风,5,1007.7,8451
2016-04-22T18:00:00.000Z,镇海,12.7,91,0.3,东南风,1,1009.2,15011
2016-04-22T18:00:00.000Z,鄞州,13.6,90,0.4,东风,3,1008.8,16512
2016-04-22T18:00:00.000Z,北仑,13.5,89,0.8,东北风,2,1009,23953
2016-04-22T18:00:00.000Z,奉化,13.9,91,0,东南偏东风,1,1008.7,9545
2016-04-22T18:00:00.000Z,象山,15.1,94,0,东北偏东风,1,1009.2,3635
2016-04-22T18:00:00.000Z,宁海,15.5,95,0,东南偏南风,1,1008.9,7590
2016-04-22T19:00:00.000Z,慈溪,12.8,93,0.8,东风,3,1008.8,2907
2016-04-22T19:00:00.000Z,余姚,13,95,0.2,东北偏东风,3,1008,6290
2016-04-22T19:00:00.000Z,镇海,13.2,95,0.7,北风,1,1008.8,4342
2016-04-22T19:00:00.000Z,鄞州,14,88,0,东北偏东风,3,1008.2,13834
2016-04-22T19:00:00.000Z,北仑,13.7,88,0,东北风,1,1008.7,26086
2016-04-22T19:00:00.000Z,奉化,14.2,92,0,东风,1,1008.2,7880
2016-04-22T19:00:00.000Z,象山,15.3,95,0,西北风,1,1008.6,1502
2016-04-22T19:00:00.000Z,宁海,15.7,94,0,西南风,1,1008.7,7341
2016-04-22T20:00:00.000Z,慈溪,12.5,94,0.1,东风,2,1008.9,5266
2016-04-22T20:00:00.000Z,余姚,13.1,95,0.2,东北偏东风,4,1007.9,9704
2016-04-22T20:00:00.000Z,镇海,13.2,89,0,东北风,2,1009.3,12038
2016-04-22T20:00:00.000Z,鄞州,14.2,90,0,东北偏东风,3,1008.5,10352
2016-04-22T20:00:00.000Z,北仑,13.3,89,0.1,东北偏东风,2,1009.4,17531
2016-04-22T20:00:00.000Z,奉化,14.2,93,0,东北风,2,1008.4,3156
2016-04-22T20:00:00.000Z,象山,15.4,96,0,北风,0,1008.8,929
2016-04-22T20:00:00.000Z,宁海,15.8,95,0,北风,0,1008.3,5043
2016-04-22T21:00:00.000Z,慈溪,12.7,96,0.1,东风,3,1009.3,3242
2016-04-22T21:00:00.000Z,余姚,13.3,94,0,东北偏东风,4,1008.6,9017
2016-04-22T21:00:00.000Z,镇海,13.4,88,0,东北风,3,1009.5,15398
2016-04-22T21:00:00.000Z,鄞州,14.1,88,0,东北风,3,1008.9,9368
2016-04-22T21:00:00.000Z,北仑,13,86,0.1,东北偏东风,3,1009.6,28410
2016-04-22T21:00:00.000Z,奉化,14,93,0,北风,2,1009.1,6691
2016-04-22T21:00:00.000Z,象山,15.1,95,0,东北偏北风,1,1009,2291
2016-04-22T21:00:00.000Z,宁海,15.7,96,0,北风,0,1008.3,4871
2016-04-22T22:00:00.000Z,慈溪,12.9,96,0.1,东南偏东风,2,1009.8,4333
2016-04-22T22:00:00.000Z,余姚,13,94,0,东北偏东风,4,1009.1,8163
2016-04-22T22:00:00.000Z,镇海,13.2,89,0,东北偏东风,2,1009.8,18039
2016-04-22T22:00:00.000Z,鄞州,13.7,86,0,东北风,3,1009.6,12447
2016-04-22T22:00:00.000Z,北仑,12.9,92,0,东北偏东风,2,1010,7023
2016-04-22T22:00:00.000Z,奉化,13.9,92,0,东北偏北风,2,1009.7,5318
2016-04-22T22:00:00.000Z,象山,14.7,95,0,北风,0,1009.8,1756
2016-04-22T22:00:00.000Z,宁海,15.2,96,0,东北偏北风,2,1009.1,2972
2016-04-22T23:00:00.000Z,慈溪,13.1,96,0.3,东南偏东风,2,1010.3,2428
2016-04-22T23:00:00.000Z,余姚,13,95,0,东风,4,1009.9,6684
2016-04-22T23:00:00.000Z,镇海,13.7,91,0,东南偏东风,1,1010.3,6581
2016-04-22T23:00:00.000Z,鄞州,13.7,85,0,东北风,3,1010.2,15728
2016-04-22T23:00:00.000Z,北仑,13,94,0,东北偏东风,1,1010.3,10296
2016-04-22T23:00:00.000Z,奉化,13.5,89,0,西北偏北风,2,1010.3,9518
2016-04-22T23:00:00.000Z,象山,14.1,95,0.1,西北风,1,1010.2,1663
2016-04-22T23:00:00.000Z,宁海,14.9,95,0,东北偏北风,2,1009.7,5218
2016-04-23T00:00:00.000Z,慈溪,13.8,97,0.6,东南偏东风,2,1010.9,2619
2016-04-23T00:00:00.000Z,余姚,13,95,0.4,东风,3,1010.6,5019
2016-04-23T00:00:00.000Z,镇海,13.7,94,0.4,西北偏北风,1,1010.8,4387
2016-04-23T00:00:00.000Z,鄞州,14,88,0.5,北风,2,1010.9,6842
2016-04-23T00:00:00.000Z,北仑,14,93,0.3,东北偏东风,1,1010.9,14925
2016-04-23T00:00:00.000Z,奉化,13.4,91,0.4,西北偏北风,1,1011.1,5854
2016-04-23T00:00:00.000Z,象山,14.1,95,0.2,西风,1,1011.1,2147
2016-04-23T00:00:00.000Z,宁海,14.6,96,0.3,北风,1,1010.7,4004
2016-04-23T01:00:00.000Z,慈溪,14.4,97,1.5,东南偏东风,2,1010.8,3865
2016-04-23T01:00:00.000Z,余姚,13.2,96,2.4,东风,3,1010.6,4231
2016-04-23T01:00:00.000Z,镇海,13.9,96,2.4,北风,0,1011.2,2500
2016-04-23T01:00:00.000Z,鄞州,13.9,91,2.6,西南偏西风,1,1011,3772
2016-04-23T01:00:00.000Z,北仑,14.5,93,1.9,西风,1,1011.3,9864
2016-04-23T01:00:00.000Z,奉化,13.5,93,1.6,北风,1,1011.2,3762
2016-04-23T01:00:00.000Z,象山,14.5,95,1.2,北风,0,1011.3,4513
2016-04-23T01:00:00.000Z,宁海,14.4,97,1,东北偏北风,2,1011,3779
2016-04-23T02:00:00.000Z,慈溪,14.8,96,2.2,东风,2,1010.4,2427
2016-04-23T02:00:00.000Z,余姚,13.6,97,2.2,东风,3,1010.1,5817
2016-04-23T02:00:00.000Z,镇海,14.4,97,3.8,东风,2,1010.5,2532
2016-04-23T02:00:00.000Z,鄞州,14.3,93,1.9,东南偏东风,2,1010.3,3709
2016-04-23T02:00:00.000Z,北仑,15.2,93,2.1,东北偏东风,2,1011,9060
2016-04-23T02:00:00.000Z,奉化,13.6,94,2,北风,0,1010.6,2830
2016-04-23T02:00:00.000Z,象山,15.2,94,1,北风,0,1011.2,9112
2016-04-23T02:00:00.000Z,宁海,14.7,97,0.9,北风,2,1010.4,7170
2016-04-23T03:00:00.000Z,慈溪,15,95,0.1,东风,2,1010.4,4097
2016-04-23T03:00:00.000Z,余姚,14,96,1.1,东北偏东风,3,1010.3,3410
2016-04-23T03:00:00.000Z,镇海,14.8,97,0.7,东北偏北风,1,1010.3,2415
2016-04-23T03:00:00.000Z,鄞州,14.5,93,0.5,西南偏西风,2,1010.4,4709
2016-04-23T03:00:00.000Z,北仑,15.5,93,1.4,东风,2,1010.6,7647
2016-04-23T03:00:00.000Z,奉化,14,94,0.4,东北偏北风,1,1010.6,3847
2016-04-23T03:00:00.000Z,象山,15.8,93,0.5,东北偏东风,1,1010.7,4470
2016-04-23T03:00:00.000Z,宁海,15.2,96,0.6,东北偏北风,1,1010.6,9095
2016-04-23T04:00:00.000Z,慈溪,15.2,94,0.2,东风,2,1009.5,3997
2016-04-23T04:00:00.000Z,余姚,14.6,96,0.3,东北偏东风,3,1009.2,7558
2016-04-23T04:00:00.000Z,镇海,15.3,97,0.2,东风,1,1009.6,2057
2016-04-23T04:00:00.000Z,鄞州,14.9,92,0.1,西南偏西风,2,1009.6,5292
2016-04-23T04:00:00.000Z,北仑,15.6,93,0.2,东风,2,1009.8,7515
2016-04-23T04:00:00.000Z,奉化,14.8,92,0.2,北风,0,1009.7,4457
2016-04-23T04:00:00.000Z,象山,15.7,94,0.6,东北偏东风,2,1010,2701
2016-04-23T04:00:00.000Z,宁海,15.7,96,0.3,北风,1,1009.6,8551
2016-04-23T05:00:00.000Z,慈溪,15.3,94,0,东风,2,1009.2,3770
2016-04-23T05:00:00.000Z,余姚,15.1,93,0,东北偏东风,3,1009.1,9866
2016-04-23T05:00:00.000Z,镇海,16,94,0,东南偏东风,2,1009.4,5673
2016-04-23T05:00:00.000Z,鄞州,15.2,91,0,西南偏西风,2,1009.4,6892
2016-04-23T05:00:00.000Z,北仑,15.5,93,0.1,东风,2,1009.4,9489
2016-04-23T05:00:00.000Z,奉化,15.4,91,0,东南偏南风,1,1009.5,5649
2016-04-23T05:00:00.000Z,象山,15.8,95,0.3,东北风,1,1009.7,1957
2016-04-23T05:00:00.000Z,宁海,15.8,95,0.1,北风,1,1009.5,7041
2016-04-23T06:00:00.000Z,慈溪,15.4,93,0,东风,2,1008.7,4430
2016-04-23T06:00:00.000Z,余姚,15.4,94,0,东北偏东风,3,1008.5,7494
2016-04-23T06:00:00.000Z,镇海,15.9,94,0,东风,2,1008.8,4003
2016-04-23T06:00:00.000Z,鄞州,15.5,90,0,东南偏南风,2,1008.8,7447
2016-04-23T06:00:00.000Z,北仑,15.3,94,0,东北偏东风,2,1009.1,7035
2016-04-23T06:00:00.000Z,奉化,15.7,90,0,东风,1,1008.8,6647
2016-04-23T06:00:00.000Z,象山,15.7,95,0.4,东北偏东风,2,1009.5,1836
2016-04-23T06:00:00.000Z,宁海,16.4,94,0.1,东北风,1,1008.8,7533
2016-04-23T07:00:00.000Z,慈溪,15.2,95,0,东风,3,1008.6,2439
2016-04-23T07:00:00.000Z,余姚,15.7,93,0,东北偏东风,3,1008.3,7090
2016-04-23T07:00:00.000Z,镇海,15.6,96,0,东风,2,1008.6,2848
2016-04-23T07:00:00.000Z,鄞州,16.2,91,0,东南偏东风,3,1008.3,7247
2016-04-23T07:00:00.000Z,北仑,15.3,94,0,东北偏东风,2,1008.7,7826
2016-04-23T07:00:00.000Z,奉化,16,89,0,北风,1,1008.6,5281
2016-04-23T07:00:00.000Z,象山,15.9,95,0,东风,1,1008.8,1616
2016-04-23T07:00:00.000Z,宁海,18,88,0,北风,0,1008.2,10995
2016-04-23T08:00:00.000Z,慈溪,14.9,96,0,东北偏东风,3,1008.6,1715
2016-04-23T08:00:00.000Z,余姚,15.8,94,0,东风,3,1008.4,6574
2016-04-23T08:00:00.000Z,镇海,15.3,95,0,东北风,3,1008.6,4424
2016-04-23T08:00:00.000Z,鄞州,16.4,90,0,东风,3,1008.2,11138
2016-04-23T08:00:00.000Z,北仑,15.3,93,0,东北风,2,1008.7,7789
2016-04-23T08:00:00.000Z,奉化,16.1,90,0,北风,1,1008.4,7662
2016-04-23T08:00:00.000Z,象山,15.6,95,0,东北偏东风,2,1008.8,1954
2016-04-23T08:00:00.000Z,宁海,17.5,91,0,北风,1,1008.2,7572
2016-04-23T09:00:00.000Z,慈溪,14.6,97,0.2,东北偏东风,2,1009.9,1248
2016-04-23T09:00:00.000Z,余姚,15.4,96,0,东北风,3,1009.2,2707
2016-04-23T09:00:00.000Z,镇海,15.2,94,0,东北风,2,1009.6,5271
2016-04-23T09:00:00.000Z,鄞州,16.2,93,0,东南偏东风,3,1009.1,6913
2016-04-23T09:00:00.000Z,北仑,15.2,95,0,东风,2,1009.6,4306
2016-04-23T09:00:00.000Z,奉化,15.9,93,0,北风,2,1009.1,4008
2016-04-23T09:00:00.000Z,象山,15.5,96,0,东北偏东风,1,1009.2,1894
2016-04-23T09:00:00.000Z,宁海,17,93,0,北风,1,1008.7,6865
2016-04-23T10:00:00.000Z,慈溪,14.4,96,0.7,东北偏东风,3,1010.4,2113
2016-04-23T10:00:00.000Z,余姚,14.5,96,0.3,东北偏东风,4,1010,9862
2016-04-23T10:00:00.000Z,镇海,14.7,97,0.1,东北风,2,1010.3,1474
2016-04-23T10:00:00.000Z,鄞州,15.7,95,0,东北偏北风,3,1009.8,2276
2016-04-23T10:00:00.000Z,北仑,15,96,0,东风,2,1010,3759
2016-04-23T10:00:00.000Z,奉化,15.6,96,0.4,东北偏北风,2,1009.8,1114
2016-04-23T10:00:00.000Z,象山,15.4,96,0,东北偏北风,1,1009.6,1598
2016-04-23T10:00:00.000Z,宁海,16.2,97,0,北风,2,1009,3013
2016-04-23T11:00:00.000Z,慈溪,13.9,95,0.8,东北偏东风,3,1011.1,3971
2016-04-23T11:00:00.000Z,余姚,14.4,96,0.2,东风,3,1010.8,9150
2016-04-23T11:00:00.000Z,镇海,14.3,98,0.1,东北风,3,1010.6,3023
2016-04-23T11:00:00.000Z,鄞州,15.1,96,0.1,东北偏北风,4,1010.3,2927
2016-04-23T11:00:00.000Z,北仑,14.8,96,0.2,东北偏东风,2,1010.4,3785
2016-04-23T11:00:00.000Z,奉化,15,97,0.4,北风,3,1010.4,1037
2016-04-23T11:00:00.000Z,象山,15.4,96,0.1,北风,0,1010.3,1055
2016-04-23T11:00:00.000Z,宁海,15.5,99,0,北风,3,1009.7,1569
2016-04-23T12:00:00.000Z,慈溪,13.7,95,0.7,东北偏东风,3,1011.7,9122
2016-04-23T12:00:00.000Z,余姚,14,96,0.2,东北风,3,1011.7,9042
2016-04-23T12:00:00.000Z,镇海,14.3,97,0,东北风,3,1011.2,7097
2016-04-23T12:00:00.000Z,鄞州,14.8,96,0,东北偏北风,4,1011,5424
2016-04-23T12:00:00.000Z,北仑,14.6,95,0.1,东北偏东风,2,1011.4,14337
2016-04-23T12:00:00.000Z,奉化,14.4,97,0.3,北风,2,1011.5,3091
2016-04-23T12:00:00.000Z,象山,15.2,96,0.2,东北风,2,1011.5,2586
2016-04-23T12:00:00.000Z,宁海,15.3,99,0,北风,2,1010.9,2217
2016-04-23T13:00:00.000Z,慈溪,13.9,93,0,东风,3,1012.6,17952
2016-04-23T13:00:00.000Z,余姚,13.8,96,0.3,东北偏东风,3,1012.4,13679
2016-04-23T13:00:00.000Z,镇海,14.4,97,0.1,东北偏北风,2,1012.3,3238
2016-04-23T13:00:00.000Z,鄞州,14.9,95,0,东北偏北风,3,1012,6070
2016-04-23T13:00:00.000Z,北仑,14.5,95,0.2,东北偏东风,2,1012.2,5978
2016-04-23T13:00:00.000Z,奉化,14.3,98,0.1,西北偏北风,2,1012.1,1709
2016-04-23T13:00:00.000Z,象山,14.8,96,0.1,东北偏北风,2,1012,1887
2016-04-23T13:00:00.000Z,宁海,15.3,99,0,西北偏北风,2,1011.5,4803
2016-04-23T14:00:00.000Z,慈溪,13.9,94,0.6,东风,3,1012.7,5239
2016-04-23T14:00:00.000Z,余姚,13.8,96,1,东北风,2,1012.8,18060
2016-04-23T14:00:00.000Z,镇海,14.2,98,0.1,东北风,1,1012.3,2917
2016-04-23T14:00:00.000Z,鄞州,14.7,95,0,东北偏东风,3,1012,5713
2016-04-23T14:00:00.000Z,北仑,14.5,96,0.1,东北风,1,1012.5,6773
2016-04-23T14:00:00.000Z,奉化,14.2,98,0.1,西北风,2,1012.4,1738
2016-04-23T14:00:00.000Z,象山,14.7,96,0.1,东北风,1,1012.2,1867
2016-04-23T14:00:00.000Z,宁海,15.1,98,0.1,北风,3,1011.8,4677
2016-04-23T15:00:00.000Z,慈溪,13.8,96,1.3,东南偏东风,2,1012.4,4908
2016-04-23T15:00:00.000Z,余姚,13.8,97,0.4,东南偏东风,2,1012.6,5910
2016-04-23T15:00:00.000Z,镇海,14,98,2.3,东北偏北风,1,1012.4,4018
2016-04-23T15:00:00.000Z,鄞州,14.6,95,0.7,东北偏北风,3,1012.2,7591
2016-04-23T15:00:00.000Z,北仑,14.4,96,0.3,东风,1,1012.4,6815
2016-04-23T15:00:00.000Z,奉化,14.2,98,1.8,西北偏北风,2,1012.4,1581
2016-04-23T15:00:00.000Z,象山,14.7,96,0.1,北风,1,1012.2,2133
2016-04-23T15:00:00.000Z,宁海,14.7,98,0.4,东北偏北风,2,1011.8,8914
2016-04-23T16:00:00.000Z,慈溪,13.9,96,0.2,东风,2,1012.2,8177
2016-04-23T16:00:00.000Z,余姚,13.7,97,0.1,东风,2,1012.2,24726
2016-04-23T16:00:00.000Z,镇海,14.1,98,0.7,东风,1,1011.9,8620
2016-04-23T16:00:00.000Z,鄞州,14.5,95,1.8,东北偏北风,3,1011.9,10130
2016-04-23T16:00:00.000Z,北仑,14.4,96,1.1,北风,1,1012,10788
2016-04-23T16:00:00.000Z,奉化,14.1,98,2.4,西北风,1,1012.1,6764
2016-04-23T16:00:00.000Z,象山,14.6,96,0.4,西北偏北风,1,1012,2830
2016-04-23T16:00:00.000Z,宁海,14.6,98,0.3,北风,2,1011.5,14900
2016-04-23T17:00:00.000Z,慈溪,14.1,96,0,东南偏东风,1,1012.1,6411
2016-04-23T17:00:00.000Z,余姚,14,96,0,东北偏东风,3,1011.7,21942
2016-04-23T17:00:00.000Z,镇海,14.2,98,0,西北风,1,1011.8,4336
2016-04-23T17:00:00.000Z,鄞州,14.6,95,0.2,北风,3,1011.6,12363
2016-04-23T17:00:00.000Z,北仑,14.4,95,0.5,东南偏东风,1,1011.6,29537
2016-04-23T17:00:00.000Z,奉化,14,98,0,西北偏北风,1,1011.7,4704
2016-04-23T17:00:00.000Z,象山,14.6,96,0.1,北风,0,1011.4,3753
2016-04-23T17:00:00.000Z,宁海,14.5,98,0.1,北风,3,1011.6,6034
2016-04-23T18:00:00.000Z,慈溪,14.2,96,0,东北偏东风,2,1011.7,6699
2016-04-23T18:00:00.000Z,余姚,13.9,97,1.2,东北风,2,1011.7,12123
2016-04-23T18:00:00.000Z,镇海,14.2,98,0.1,北风,1,1011.3,10359
2016-04-23T18:00:00.000Z,鄞州,14.7,94,0,西北偏北风,2,1011.3,10931
2016-04-23T18:00:00.000Z,北仑,14.6,94,0,东北偏东风,1,1011.2,35000
2016-04-23T18:00:00.000Z,奉化,14,98,0.1,西北风,1,1011.3,3945
2016-04-23T18:00:00.000Z,象山,14.6,96,0.1,东北偏东风,1,1011.2,3266
2016-04-23T18:00:00.000Z,宁海,14.5,99,0,西北偏北风,2,1011.2,7237
2016-04-23T19:00:00.000Z,慈溪,14.2,96,1.8,东北风,1,1011.9,5381
2016-04-23T19:00:00.000Z,余姚,14,97,1.4,西风,1,1012,3959
2016-04-23T19:00:00.000Z,镇海,14.3,98,0,北风,0,1011.6,5928
2016-04-23T19:00:00.000Z,鄞州,14.6,95,0,西北风,3,1011.6,6097
2016-04-23T19:00:00.000Z,北仑,14.6,93,0,北风,0,1011.8,28540
2016-04-23T19:00:00.000Z,奉化,14.1,98,0,西北风,1,1011.8,5259
2016-04-23T19:00:00.000Z,象山,14.6,96,0,西北偏西风,1,1011.9,5595
2016-04-23T19:00:00.000Z,宁海,14.4,99,0,北风,2,1011.4,12980
2016-04-23T20:00:00.000Z,慈溪,14.3,96,1.1,东南偏东风,1,1012.5,4663
2016-04-23T20:00:00.000Z,余姚,14,97,0.2,东北偏北风,1,1012.5,7473
2016-04-23T20:00:00.000Z,镇海,14.3,98,2.9,西北风,2,1012.3,2191
2016-04-23T20:00:00.000Z,鄞州,14.5,96,0.8,西北风,3,1012.3,2927
2016-04-23T20:00:00.000Z,北仑,14.8,94,0.1,西风,1,1012.4,8439
2016-04-23T20:00:00.000Z,奉化,14.2,98,0.4,西北偏北风,1,1012.2,3135
2016-04-23T20:00:00.000Z,象山,14.6,96,0,西北偏西风,2,1011.8,4073
2016-04-23T20:00:00.000Z,宁海,14.6,98,0,东北偏北风,2,1011.8,9274
2016-04-23T21:00:00.000Z,慈溪,14.6,97,0.1,东北风,1,1012.6,8026
2016-04-23T21:00:00.000Z,余姚,14.1,97,0,东北风,2,1012.5,10238
2016-04-23T21:00:00.000Z,镇海,14.4,98,1.8,东北偏北风,2,1012.1,2268
2016-04-23T21:00:00.000Z,鄞州,14.4,96,0.2,北风,3,1011.9,5774
2016-04-23T21:00:00.000Z,北仑,14.7,95,1.5,东风,1,1012.2,6536
2016-04-23T21:00:00.000Z,奉化,14.1,97,0,北风,1,1012.2,5037
2016-04-23T21:00:00.000Z,象山,14.6,97,0.1,西北偏北风,1,1012.1,2213
2016-04-23T21:00:00.000Z,宁海,14.6,98,0,西北偏北风,2,1011.9,6216
2016-04-23T22:00:00.000Z,慈溪,14.5,96,0.1,东风,2,1013.1,15353
2016-04-23T22:00:00.000Z,余姚,14.2,97,0.1,东南偏东风,1,1013.1,4751
2016-04-23T22:00:00.000Z,镇海,14.5,98,0,东北风,2,1012.9,13934
2016-04-23T22:00:00.000Z,鄞州,14.6,95,0,西北风,3,1012.9,8114
2016-04-23T22:00:00.000Z,北仑,14.6,95,0,西北风,1,1012.8,12243
2016-04-23T22:00:00.000Z,奉化,14.2,97,0,北风,0,1012.9,9297
2016-04-23T22:00:00.000Z,象山,14.6,96,0,西北偏西风,1,1012.6,3989
2016-04-23T22:00:00.000Z,宁海,14.8,96,0,北风,2,1012.4,10214
2016-04-23T23:00:00.000Z,北仑,14.9,93,0,东北风,1,1013.5,35000
2016-04-23T23:00:00.000Z,慈溪,14.7,94,0,东北偏东风,2,1013.5,13025
2016-04-23T23:00:00.000Z,镇海,14.6,97,0,东北风,2,1013.4,21370
2016-04-23T23:00:00.000Z,余姚,14.3,98,0,东北偏东风,3,1013.3,10304
2016-04-23T23:00:00.000Z,鄞州,14.9,95,0,东北偏北风,3,1013,9127
2016-04-23T23:00:00.000Z,奉化,14.4,96,0,东北偏北风,2,1013.1,8365
2016-04-23T23:00:00.000Z,象山,14.9,96,0,北风,0,1013.1,7368
2016-04-23T23:00:00.000Z,宁海,14.8,96,0,北风,2,1012.9,5966
2016-04-24T00:00:00.000Z,慈溪,14.7,95,0.1,东风,2,1014.4,4159
2016-04-24T00:00:00.000Z,余姚,14.5,96,0.1,东北偏东风,2,1014.2,13510
2016-04-24T00:00:00.000Z,镇海,14.8,97,0,东北偏北风,2,1014.2,14756
2016-04-24T00:00:00.000Z,鄞州,15,94,0,东北偏北风,3,1014,9606
2016-04-24T00:00:00.000Z,北仑,15.2,89,0,东北偏东风,2,1014,35000
2016-04-24T00:00:00.000Z,奉化,14.5,97,0.2,北风,3,1014.1,4584
2016-04-24T00:00:00.000Z,象山,15,94,0,西北偏北风,1,1014.2,9074
2016-04-24T00:00:00.000Z,宁海,15,95,0,东北偏北风,1,1013.9,7159
2016-04-24T01:00:00.000Z,慈溪,14.7,94,0.1,东风,3,1015.2,3509
2016-04-24T01:00:00.000Z,余姚,14.6,97,0.1,东北偏东风,2,1015.1,4657
2016-04-24T01:00:00.000Z,镇海,14.8,96,0,东北风,3,1014.6,6740
2016-04-24T01:00:00.000Z,鄞州,15.2,93,0,东北偏东风,3,1014.7,8302
2016-04-24T01:00:00.000Z,北仑,15.2,90,0,东北偏东风,2,1014.7,21542
2016-04-24T01:00:00.000Z,奉化,14.6,97,0.1,北风,2,1014.7,2883
2016-04-24T01:00:00.000Z,象山,15,95,0.2,东北偏北风,1,1014.6,2598
2016-04-24T01:00:00.000Z,宁海,15.1,96,0,西北偏北风,2,1014.5,3707
2016-04-24T02:00:00.000Z,慈溪,14.7,93,0,东北偏东风,2,1015.4,3444
2016-04-24T02:00:00.000Z,余姚,14.7,97,0.3,东北偏东风,3,1015.2,5838
2016-04-24T02:00:00.000Z,镇海,14.7,97,0.1,东北风,2,1015.3,3703
2016-04-24T02:00:00.000Z,鄞州,15.3,92,0,东北风,3,1015,20000
2016-04-24T02:00:00.000Z,北仑,14.8,94,0.2,东北偏东风,2,1015.3,7115
2016-04-24T02:00:00.000Z,奉化,14.6,97,0.1,东北偏北风,2,1015.2,8769
2016-04-24T02:00:00.000Z,象山,15.1,95,0.2,东北偏北风,1,1015.1,3066
2016-04-24T02:00:00.000Z,宁海,15,98,0.1,西北偏北风,2,1014.8,7345
2016-04-24T03:00:00.000Z,慈溪,15.2,90,0.1,东风,2,1015.5,2817
2016-04-24T03:00:00.000Z,余姚,15,92,0.1,东风,3,1015.4,22626
2016-04-24T03:00:00.000Z,镇海,14.9,94,0,东北风,2,1015.4,7003
2016-04-24T03:00:00.000Z,鄞州,15.3,93,0,东北偏东风,3,1015.2,14962
2016-04-24T03:00:00.000Z,北仑,14.8,95,0.3,东北风,1,1015.4,5189
2016-04-24T03:00:00.000Z,奉化,15.2,94,0.1,东北风,2,1015.3,20849
2016-04-24T03:00:00.000Z,象山,15.3,95,0.3,北风,0,1015.2,3056
2016-04-24T03:00:00.000Z,宁海,15.5,95,0,北风,2,1014.8,23601
2016-04-24T04:00:00.000Z,慈溪,15,92,0,东风,3,1015.1,2734
2016-04-24T04:00:00.000Z,余姚,15,92,0,东北偏东风,4,1015,12598
2016-04-24T04:00:00.000Z,镇海,14.9,97,0,东北偏北风,2,1015.2,4601
2016-04-24T04:00:00.000Z,鄞州,15.4,90,0,东北偏北风,3,1014.9,13632
2016-04-24T04:00:00.000Z,北仑,14.8,95,0.3,东北偏东风,2,1015.2,5405
2016-04-24T04:00:00.000Z,奉化,15.2,93,0,东北偏北风,2,1014.9,11638
2016-04-24T04:00:00.000Z,象山,15.2,94,0.3,东北偏北风,1,1014.9,4501
2016-04-24T04:00:00.000Z,宁海,15.7,93,0,东北偏北风,3,1014.5,25538
2016-04-24T05:00:00.000Z,慈溪,15.5,88,0,东风,2,1014.5,4876
2016-04-24T05:00:00.000Z,余姚,15.3,91,0.2,东北偏东风,3,1014.3,14300
2016-04-24T05:00:00.000Z,镇海,15.1,92,0,东北风,2,1014.5,6887
2016-04-24T05:00:00.000Z,鄞州,15.3,91,0,东北偏北风,3,1014.2,10936
2016-04-24T05:00:00.000Z,北仑,15,93,0.2,东北风,2,1014.5,10755
2016-04-24T05:00:00.000Z,奉化,14.9,95,0,东北偏北风,2,1014.3,6436
2016-04-24T05:00:00.000Z,象山,15.2,93,0.1,东北偏北风,1,1014.5,7730
2016-04-24T05:00:00.000Z,宁海,15.9,91,0,北风,2,1014.1,34042
2016-04-24T06:00:00.000Z,慈溪,15.5,88,0.1,东风,2,1013.7,3993
2016-04-24T06:00:00.000Z,余姚,15.1,91,0,东风,4,1013.7,13472
2016-04-24T06:00:00.000Z,镇海,15,94,0.2,东北风,2,1013.8,6701
2016-04-24T06:00:00.000Z,鄞州,15.3,91,0.3,东北风,3,1013.8,5337
2016-04-24T06:00:00.000Z,北仑,15.2,92,0,东风,2,1014,14939
2016-04-24T06:00:00.000Z,奉化,14.8,94,0,东北偏北风,2,1013.8,5212
2016-04-24T06:00:00.000Z,象山,15.4,92,0,东北风,2,1013.8,5705
2016-04-24T06:00:00.000Z,宁海,16.3,86,0,东北偏北风,2,1013.3,29459
2016-04-24T07:00:00.000Z,慈溪,15.7,87,0,东南偏东风,2,1013.7,3556
2016-04-24T07:00:00.000Z,余姚,15,91,0,东风,3,1013.6,13599
2016-04-24T07:00:00.000Z,镇海,15.1,94,0.2,北风,1,1013.5,4982
2016-04-24T07:00:00.000Z,鄞州,15.4,91,0.1,东北偏东风,3,1013.3,10243
2016-04-24T07:00:00.000Z,北仑,15,93,0.2,东风,2,1013.6,10636
2016-04-24T07:00:00.000Z,奉化,15,94,0,东北偏北风,2,1013.4,6548
2016-04-24T07:00:00.000Z,象山,15.2,92,0,东北风,2,1013.4,2407
2016-04-24T07:00:00.000Z,宁海,15.4,93,0.4,东北风,1,1013.3,7908
2016-04-24T08:00:00.000Z,慈溪,15.8,88,0,东风,2,1013.4,3312
2016-04-24T08:00:00.000Z,余姚,14.9,94,0,东风,2,1013.5,7958
2016-04-24T08:00:00.000Z,镇海,15.1,93,0,北风,0,1013.5,5851
2016-04-24T08:00:00.000Z,鄞州,15.4,90,0,东北偏东风,3,1013.4,11273
2016-04-24T08:00:00.000Z,北仑,15.1,91,0.1,东南风,1,1013.5,20862
2016-04-24T08:00:00.000Z,奉化,14.9,94,0.2,东北偏北风,2,1013.6,4606
2016-04-24T08:00:00.000Z,象山,15.1,93,0.1,西北偏北风,1,1013.6,2776
2016-04-24T08:00:00.000Z,宁海,15.3,94,0,北风,0,1013.4,7739
2016-04-24T09:00:00.000Z,慈溪,15.5,90,0.1,东南偏东风,1,1013.7,2826
2016-04-24T09:00:00.000Z,余姚,14.9,94,0.2,东风,2,1013.8,6880
2016-04-24T09:00:00.000Z,镇海,15.3,95,0,北风,0,1013.6,4836
2016-04-24T09:00:00.000Z,鄞州,15.2,91,0.3,东北偏东风,2,1013.5,7556
2016-04-24T09:00:00.000Z,北仑,15.4,86,0,东南偏东风,1,1013.6,31132
2016-04-24T09:00:00.000Z,奉化,14.8,96,0.7,北风,1,1013.8,2246
2016-04-24T09:00:00.000Z,象山,15.1,91,0,西北偏西风,1,1013.7,6328
2016-04-24T09:00:00.000Z,宁海,14.9,96,0,东北偏北风,1,1013.6,6080
2016-04-24T10:00:00.000Z,慈溪,15.3,90,0,东北偏东风,1,1014,2721
2016-04-24T10:00:00.000Z,余姚,14.8,95,0.2,东风,3,1014,5789
2016-04-24T10:00:00.000Z,镇海,15.1,97,0.5,北风,0,1014.1,2532
2016-04-24T10:00:00.000Z,鄞州,15.2,93,0.3,北风,1,1014,7967
2016-04-24T10:00:00.000Z,北仑,15.4,88,0.1,北风,0,1014.2,15620
2016-04-24T10:00:00.000Z,奉化,14.7,96,0.9,北风,0,1014.1,3110
2016-04-24T10:00:00.000Z,象山,14.8,93,1.1,北风,0,1014.3,3519
2016-04-24T10:00:00.000Z,宁海,14.7,97,1.1,北风,1,1014,4855
2016-04-24T11:00:00.000Z,慈溪,15.2,90,0,东风,1,1014.5,2922
2016-04-24T11:00:00.000Z,余姚,14.7,96,0.9,东北偏东风,2,1014.5,3447
2016-04-24T11:00:00.000Z,镇海,14.9,97,1,北风,0,1014.4,1684
2016-04-24T11:00:00.000Z,鄞州,15.2,94,0.6,北风,2,1014.3,5018
2016-04-24T11:00:00.000Z,北仑,15.2,93,1.1,北风,0,1014.5,7893
2016-04-24T11:00:00.000Z,奉化,14.7,96,1,西北偏西风,1,1014.4,1801
2016-04-24T11:00:00.000Z,象山,14.6,95,1,西北风,1,1014.4,3705
2016-04-24T11:00:00.000Z,宁海,14.6,98,0.1,北风,0,1014.3,5963
2016-04-24T12:00:00.000Z,慈溪,15,92,0.2,东南偏东风,1,1015.3,2571
2016-04-24T12:00:00.000Z,余姚,14.5,97,0.5,东北风,2,1015.3,4447
2016-04-24T12:00:00.000Z,镇海,14.7,98,1,西北风,2,1015.2,1368
2016-04-24T12:00:00.000Z,鄞州,15.2,96,0.7,西北偏北风,2,1015,2803
2016-04-24T12:00:00.000Z,北仑,14.9,94,0.8,西北偏西风,1,1015.2,8363
2016-04-24T12:00:00.000Z,奉化,14.7,97,0.7,西北风,1,1015.2,1148
2016-04-24T12:00:00.000Z,象山,14.5,95,0.3,北风,0,1015.1,1561
2016-04-24T12:00:00.000Z,宁海,14.6,98,0.1,北风,0,1015,5076
2016-04-24T13:00:00.000Z,慈溪,14.7,94,0.9,东南偏东风,1,1016,2078
2016-04-24T13:00:00.000Z,余姚,14.5,96,0.3,东北风,2,1015.9,6304
2016-04-24T13:00:00.000Z,镇海,14.5,98,0.9,东北偏北风,2,1015.7,1830
2016-04-24T13:00:00.000Z,鄞州,15.1,95,0,东北偏北风,2,1015.6,4720
2016-04-24T13:00:00.000Z,北仑,14.9,93,0.1,东北风,1,1015.7,5943
2016-04-24T13:00:00.000Z,奉化,14.7,97,0.1,北风,1,1015.8,1680
2016-04-24T13:00:00.000Z,象山,14.5,94,0,北风,0,1015.5,5599
2016-04-24T13:00:00.000Z,宁海,14.7,98,0.3,北风,0,1015.6,3582
2016-04-24T14:00:00.000Z,慈溪,14.6,94,0.3,东南偏东风,1,1016.2,2530
2016-04-24T14:00:00.000Z,余姚,14.5,96,0.9,东风,2,1016.1,5012
2016-04-24T14:00:00.000Z,镇海,13.9,87,0.4,东北偏北风,2,1016.1,13404
2016-04-24T14:00:00.000Z,鄞州,14.9,93,0.7,北风,3,1015.8,4536
2016-04-24T14:00:00.000Z,北仑,14.7,94,0.2,北风,0,1015.9,5352
2016-04-24T14:00:00.000Z,奉化,14.6,97,0.2,西北偏北风,2,1016,1695
2016-04-24T14:00:00.000Z,象山,14.7,93,0.6,北风,0,1015.6,4128
2016-04-24T14:00:00.000Z,宁海,14.6,98,3.4,北风,0,1015.8,3044
2016-04-24T15:00:00.000Z,慈溪,14.5,94,0.1,东南风,1,1015.8,2340
2016-04-24T15:00:00.000Z,余姚,13.9,87,0,东风,3,1015.7,18036
2016-04-24T15:00:00.000Z,镇海,13.4,85,0,东北偏北风,1,1015.7,21287
2016-04-24T15:00:00.000Z,鄞州,14.4,79,0,东北风,3,1015.6,16191
2016-04-24T15:00:00.000Z,北仑,14.1,85,0.1,西北风,1,1015.8,20885
2016-04-24T15:00:00.000Z,奉化,14,94,0.3,北风,1,1015.8,5525
2016-04-24T15:00:00.000Z,象山,14.7,93,1,西北偏西风,1,1015.6,5756
2016-04-24T15:00:00.000Z,宁海,14.3,99,2.3,北风,0,1015.8,2202
2016-04-24T16:00:00.000Z,慈溪,13.8,86,0,东南偏东风,1,1014.9,7207
2016-04-24T16:00:00.000Z,余姚,13.4,81,0,东风,2,1015.2,29936
2016-04-24T16:00:00.000Z,镇海,13.3,89,0,北风,1,1015.4,17448
2016-04-24T16:00:00.000Z,鄞州,14.4,75,0,东北偏东风,2,1015.3,20000
2016-04-24T16:00:00.000Z,北仑,13.8,92,0,西风,1,1015.6,12741
2016-04-24T16:00:00.000Z,奉化,13.8,85,0.2,西北风,1,1015.6,13957
2016-04-24T16:00:00.000Z,象山,14.1,94,4.2,北风,0,1015.2,1244
2016-04-24T16:00:00.000Z,宁海,14.2,99,1.4,北风,2,1015.4,2891
2016-04-24T17:00:00.000Z,慈溪,13.5,86,0,东风,1,1014.8,10362
2016-04-24T17:00:00.000Z,余姚,13.3,78,0,东北偏东风,2,1014.8,34610
2016-04-24T17:00:00.000Z,镇海,13.4,86,0,东风,1,1014.8,23162
2016-04-24T17:00:00.000Z,鄞州,14.4,71,0,东风,2,1014.7,20000
2016-04-24T17:00:00.000Z,北仑,13.8,92,0,北风,0,1015.1,11185
2016-04-24T17:00:00.000Z,奉化,13.6,84,0,西风,1,1014.9,11826
2016-04-24T17:00:00.000Z,象山,13.9,95,3.9,西南风,1,1015.2,2006
2016-04-24T17:00:00.000Z,宁海,14,94,0.1,东北风,1,1014.8,20101
2016-04-24T18:00:00.000Z,慈溪,13.5,83,0,东风,1,1014.8,11340
2016-04-24T18:00:00.000Z,余姚,13.2,82,0,东北偏东风,2,1014.5,28624
2016-04-24T18:00:00.000Z,镇海,13.7,76,0.1,东北风,1,1014.5,23639
2016-04-24T18:00:00.000Z,鄞州,14.3,80,0,西南偏西风,2,1014.6,20000
2016-04-24T18:00:00.000Z,北仑,13.3,91,0,东南风,1,1014.6,16700
2016-04-24T18:00:00.000Z,奉化,13.2,87,0,西北偏西风,1,1014.7,10339
2016-04-24T18:00:00.000Z,象山,13.1,93,0,北风,1,1014.7,5906
2016-04-24T18:00:00.000Z,宁海,13.9,93,0.1,北风,0,1014.7,18134
2016-04-24T19:00:00.000Z,慈溪,13.5,83,0,东南偏东风,1,1014.6,11169
2016-04-24T19:00:00.000Z,余姚,13.2,78,0,东北偏东风,2,1014.6,33994
2016-04-24T19:00:00.000Z,镇海,13.2,87,0,北风,0,1014.5,20985
2016-04-24T19:00:00.000Z,鄞州,13.7,85,0,西风,2,1014.4,16803
2016-04-24T19:00:00.000Z,北仑,13.1,92,0.1,东南风,1,1014.5,17957
2016-04-24T19:00:00.000Z,奉化,13.1,91,0,北风,0,1014.6,8747
2016-04-24T19:00:00.000Z,象山,13.2,94,0.1,北风,0,1014.3,3954
2016-04-24T19:00:00.000Z,宁海,13.9,93,0,北风,0,1014.5,14085
2016-04-24T20:00:00.000Z,慈溪,13.6,85,0,东南偏东风,1,1014.5,8577
2016-04-24T20:00:00.000Z,余姚,13,82,0,东风,2,1014.5,28713
2016-04-24T20:00:00.000Z,镇海,13.1,92,0,西北偏北风,2,1014.7,10755
2016-04-24T20:00:00.000Z,鄞州,12.8,91,1.2,西北偏北风,2,1014.6,10308
2016-04-24T20:00:00.000Z,北仑,13.1,93,0,东南偏东风,1,1014.9,14390
2016-04-24T20:00:00.000Z,奉化,12.8,95,0.6,西北偏北风,1,1014.5,3027
2016-04-24T20:00:00.000Z,象山,13.2,94,0,北风,0,1014.5,4171
2016-04-24T20:00:00.000Z,宁海,13.9,95,0,北风,0,1014.4,9858
2016-04-24T21:00:00.000Z,慈溪,13.8,83,0,东风,1,1015,7632
2016-04-24T21:00:00.000Z,余姚,13,78,0,东北偏东风,3,1014.7,28804
2016-04-24T21:00:00.000Z,镇海,13,96,0.4,东南风,1,1015,6846
2016-04-24T21:00:00.000Z,鄞州,12.7,91,0.3,西北风,2,1014.9,12953
2016-04-24T21:00:00.000Z,北仑,13,94,0.7,北风,0,1015.5,11538
2016-04-24T21:00:00.000Z,奉化,12.3,94,0,西北偏西风,1,1015.2,8732
2016-04-24T21:00:00.000Z,象山,13.2,91,0,东南偏东风,1,1014.8,7406
2016-04-24T21:00:00.000Z,宁海,13.9,97,0,北风,0,1014.7,3587
2016-04-24T22:00:00.000Z,慈溪,13.9,85,0,东南偏东风,1,1015.5,6485
2016-04-24T22:00:00.000Z,余姚,12.9,83,0,东北风,3,1015.2,22048
2016-04-24T22:00:00.000Z,镇海,13,96,0.1,东南偏南风,1,1015.5,6683
2016-04-24T22:00:00.000Z,鄞州,13,89,0.2,西北风,1,1015.4,7728
2016-04-24T22:00:00.000Z,北仑,13,94,0,东南风,1,1015.8,10444
2016-04-24T22:00:00.000Z,奉化,12.6,95,0,北风,0,1015.7,4834
2016-04-24T22:00:00.000Z,象山,13.5,89,0,西北偏西风,2,1015.3,6884
2016-04-24T22:00:00.000Z,宁海,13.9,94,0,北风,0,1015.2,6780
2016-04-24T23:00:00.000Z,慈溪,14.4,85,0,东风,1,1015.7,5747
2016-04-24T23:00:00.000Z,余姚,13.1,86,0,东北偏东风,2,1015.8,16499
2016-04-24T23:00:00.000Z,镇海,13.3,95,0.2,北风,0,1015.8,4826
2016-04-24T23:00:00.000Z,鄞州,13.3,91,0.2,西风,2,1015.8,7676
2016-04-24T23:00:00.000Z,北仑,13.1,93,0.8,北风,0,1015.8,7871
2016-04-24T23:00:00.000Z,奉化,12.8,96,0.5,北风,0,1016.1,3917
2016-04-24T23:00:00.000Z,象山,13.8,91,0,北风,0,1015.7,5407
2016-04-24T23:00:00.000Z,宁海,14,96,0,北风,0,1015.8,3392
2016-04-25T00:00:00.000Z,慈溪,14.8,78,0,东风,2,1016.2,12384
2016-04-25T00:00:00.000Z,余姚,13.3,88,0.1,东北偏东风,2,1016.1,11243
2016-04-25T00:00:00.000Z,镇海,13.9,93,0.1,西南偏西风,1,1016.3,7323
2016-04-25T00:00:00.000Z,鄞州,13.5,90,0.1,西南风,2,1016.3,9141
2016-04-25T00:00:00.000Z,北仑,13.8,90,0.1,北风,0,1016.3,12543
2016-04-25T00:00:00.000Z,奉化,13.1,94,0.1,北风,0,1016.7,8764
2016-04-25T00:00:00.000Z,象山,14.3,87,0,西北偏西风,1,1016.3,6657
2016-04-25T00:00:00.000Z,宁海,14,92,0,北风,0,1016.2,6305
2016-04-25T01:00:00.000Z,慈溪,14.9,78,0,东风,2,1016.5,12433
2016-04-25T01:00:00.000Z,余姚,13.7,88,0,东风,3,1016.4,11523
2016-04-25T01:00:00.000Z,镇海,14.3,94,0.7,北风,0,1016.6,5487
2016-04-25T01:00:00.000Z,鄞州,13.9,89,0.5,西南偏西风,2,1016.7,8826
2016-04-25T01:00:00.000Z,北仑,14.2,86,0.1,北风,0,1016.7,14255
2016-04-25T01:00:00.000Z,奉化,13.2,91,1,北风,0,1016.8,9151
2016-04-25T01:00:00.000Z,象山,14.3,89,0.8,西北偏北风,1,1016.6,3075
2016-04-25T01:00:00.000Z,宁海,13.6,96,2.1,西北偏北风,2,1016.5,4677
2016-04-25T02:00:00.000Z,慈溪,15.1,78,0,东南偏东风,3,1016.3,11286
2016-04-25T02:00:00.000Z,余姚,14.8,83,0,东北偏东风,3,1016.1,15712
2016-04-25T02:00:00.000Z,镇海,14.6,91,0.2,东南风,1,1016.7,5570
2016-04-25T02:00:00.000Z,鄞州,13.9,90,1.5,北风,2,1016.6,5245
2016-04-25T02:00:00.000Z,北仑,14.3,90,1,北风,0,1017,8413
2016-04-25T02:00:00.000Z,奉化,13.3,93,2,西北偏西风,1,1017,4469
2016-04-25T02:00:00.000Z,象山,14.2,93,2.9,西北偏西风,1,1016.8,3787
2016-04-25T02:00:00.000Z,宁海,13.7,96,1,北风,0,1016.8,6245
2016-04-25T03:00:00.000Z,慈溪,15.8,78,0,东南偏东风,2,1016.6,9699
2016-04-25T03:00:00.000Z,余姚,14.4,87,0.1,东风,3,1016.5,15473
2016-04-25T03:00:00.000Z,镇海,14.4,89,0.7,东南风,1,1016.8,7610
2016-04-25T03:00:00.000Z,鄞州,13.9,91,1.2,西南风,2,1016.8,6554
2016-04-25T03:00:00.000Z,北仑,14.8,88,1.7,北风,0,1016.7,12188
2016-04-25T03:00:00.000Z,奉化,13.7,92,0.9,西北偏西风,1,1017.1,8199
2016-04-25T03:00:00.000Z,象山,14.5,92,1.9,东北风,1,1016.9,4170
2016-04-25T03:00:00.000Z,宁海,13.9,97,1.5,北风,1,1016.8,4557
2016-04-25T04:00:00.000Z,慈溪,15.8,76,0,东南偏东风,2,1016.6,10615
2016-04-25T04:00:00.000Z,余姚,15.5,83,0,东风,4,1016.3,14832
2016-04-25T04:00:00.000Z,镇海,15,86,0.2,东南风,1,1016.8,9226
2016-04-25T04:00:00.000Z,鄞州,14.4,93,2.2,西北偏西风,2,1016.6,6964
2016-04-25T04:00:00.000Z,北仑,14.6,87,0.8,东风,2,1016.7,8848
2016-04-25T04:00:00.000Z,奉化,13.9,93,0.5,西北偏北风,1,1016.9,6688
2016-04-25T04:00:00.000Z,象山,15.1,88,0.5,东北风,1,1016.8,7190
2016-04-25T04:00:00.000Z,宁海,14.6,93,0,西北偏北风,1,1016.7,9015
2016-04-25T05:00:00.000Z,慈溪,16.5,75,0,东风,2,1015.9,11214
2016-04-25T05:00:00.000Z,余姚,16.1,78,0,东北偏东风,4,1015.7,17334
2016-04-25T05:00:00.000Z,镇海,14.9,87,0,北风,0,1016.5,10597
2016-04-25T05:00:00.000Z,鄞州,14.7,90,0.1,西北偏西风,2,1016.4,6771
2016-04-25T05:00:00.000Z,北仑,14.8,86,0.2,东北偏东风,1,1016.6,20830
2016-04-25T05:00:00.000Z,奉化,14.2,91,0,西北风,1,1016.7,9328
2016-04-25T05:00:00.000Z,象山,16,84,0,东北偏北风,1,1016.6,9212
2016-04-25T05:00:00.000Z,宁海,14.9,91,0,西北偏北风,2,1016.4,8822
2016-04-25T06:00:00.000Z,慈溪,16.6,71,0,东南偏东风,2,1015.8,11840
2016-04-25T06:00:00.000Z,余姚,16.1,80,0,东风,3,1015.5,16139
2016-04-25T06:00:00.000Z,镇海,15.6,84,0,东南偏东风,2,1016,11157
2016-04-25T06:00:00.000Z,鄞州,14.7,90,0,南风,2,1016.1,8972
2016-04-25T06:00:00.000Z,北仑,15.2,84,0,东北偏东风,2,1016.3,25873
2016-04-25T06:00:00.000Z,奉化,14.5,91,0,北风,0,1016.3,7969
2016-04-25T06:00:00.000Z,象山,16,81,0,东北风,2,1016.3,9433
2016-04-25T06:00:00.000Z,宁海,14.9,91,0,西北风,2,1016.1,9176
2016-04-25T07:00:00.000Z,慈溪,16.3,73,0,东南偏东风,2,1015.7,10234
2016-04-25T07:00:00.000Z,余姚,15.9,82,0,东风,4,1015.6,13596
2016-04-25T07:00:00.000Z,镇海,16,79,0,东南偏东风,2,1016.1,13851
2016-04-25T07:00:00.000Z,鄞州,15,92,0.2,东南偏南风,2,1015.9,6895
2016-04-25T07:00:00.000Z,北仑,15.2,78,0,东北偏东风,2,1016.1,34443
2016-04-25T07:00:00.000Z,奉化,14.7,88,0.1,北风,0,1016,9689
2016-04-25T07:00:00.000Z,象山,15.7,81,0,东北偏北风,1,1016.1,10787
2016-04-25T07:00:00.000Z,宁海,14.7,93,0.2,北风,1,1015.9,6592
2016-04-25T08:00:00.000Z,慈溪,16.2,77,0,东南偏东风,2,1015.2,9673
2016-04-25T08:00:00.000Z,余姚,16.3,80,0,东风,4,1014.9,15787
2016-04-25T08:00:00.000Z,镇海,15.5,83,0,东北风,1,1015.9,11332
2016-04-25T08:00:00.000Z,鄞州,15.5,82,0.1,东南风,2,1015.7,17042
2016-04-25T08:00:00.000Z,北仑,14.9,81,0.1,东北偏东风,1,1016,35000
2016-04-25T08:00:00.000Z,奉化,14.8,91,0.6,西北偏北风,1,1015.9,5978
2016-04-25T08:00:00.000Z,象山,14.8,89,0.4,东北偏北风,1,1016,8266
2016-04-25T08:00:00.000Z,宁海,14.6,95,1.6,北风,0,1015.8,6766
2016-04-25T09:00:00.000Z,慈溪,15.9,76,0,东风,2,1015.3,10551
2016-04-25T09:00:00.000Z,余姚,15.8,83,0,东风,3,1015,13049
2016-04-25T09:00:00.000Z,镇海,15.7,82,0,东北偏东风,2,1015.7,11827
2016-04-25T09:00:00.000Z,鄞州,15.7,82,0,东北偏东风,3,1015.7,19537
2016-04-25T09:00:00.000Z,北仑,14.9,78,0.1,东风,1,1015.6,32174
2016-04-25T09:00:00.000Z,奉化,15.3,90,0.1,西北偏西风,1,1016,6583
2016-04-25T09:00:00.000Z,象山,14.9,90,0.7,北风,0,1016.1,7146
2016-04-25T09:00:00.000Z,宁海,15.1,92,0,北风,0,1015.9,8823
2016-04-25T10:00:00.000Z,慈溪,15.8,79,0,东风,2,1015.5,7437
2016-04-25T10:00:00.000Z,余姚,15.6,84,0,东北偏东风,3,1015.1,14925
2016-04-25T10:00:00.000Z,镇海,15.4,82,0,东南风,2,1015.6,12529
2016-04-25T10:00:00.000Z,鄞州,15.4,84,0,东南偏东风,2,1015.6,19993
2016-04-25T10:00:00.000Z,北仑,14.8,80,0,东北偏东风,1,1016,33473
2016-04-25T10:00:00.000Z,奉化,15,91,0,南风,1,1015.9,6544
2016-04-25T10:00:00.000Z,象山,14.4,88,0,东风,1,1016.2,11045
2016-04-25T10:00:00.000Z,宁海,14.9,94,0,北风,0,1016.1,6656
2016-04-25T11:00:00.000Z,鄞州,16.9,80,0,东南风,3,,
2016-04-25T11:00:00.000Z,余姚,16.6,80,0,东风,3,,
2016-04-25T11:00:00.000Z,镇海,16.9,76,0,东风,3,,
2016-04-25T11:00:00.000Z,慈溪,16.7,74,0,东风,3,,
2016-04-25T11:00:00.000Z,北仑,16.1,77,0,东南风,2,,
2016-04-25T11:00:00.000Z,奉化,16.4,87,0,东南风,2,,
2016-04-25T11:00:00.000Z,象山,15.3,84,0,东风,2,,
2016-04-25T11:00:00.000Z,宁海,15.8,91,0,东南风,2,,
2016-04-25T12:00:00.000Z,慈溪,15.2,82,0,东南偏东风,1,1015.8,6382
2016-04-25T12:00:00.000Z,余姚,15,87,0,东风,3,1015.5,13879
2016-04-25T12:00:00.000Z,镇海,14.7,85,0,东南偏东风,1,1016,13298
2016-04-25T12:00:00.000Z,鄞州,14.9,89,0,东南偏东风,2,1016.1,12026
2016-04-25T12:00:00.000Z,北仑,14,91,0,北风,0,1016.4,15014
2016-04-25T12:00:00.000Z,奉化,14.3,93,0,西南偏南风,2,1016.4,7889
2016-04-25T12:00:00.000Z,象山,14.1,94,0,北风,0,1016.6,4254
2016-04-25T12:00:00.000Z,宁海,14.4,97,0,北风,0,1016.4,5287
2016-04-25T13:00:00.000Z,慈溪,15.2,81,0,东风,2,1016.1,6355
2016-04-25T13:00:00.000Z,余姚,14.9,88,0,东风,3,1015.9,10679
2016-04-25T13:00:00.000Z,镇海,14.6,86,0,东南风,1,1016.5,12239
2016-04-25T13:00:00.000Z,鄞州,15,87,0,东南风,2,1016.3,15201
2016-04-25T13:00:00.000Z,北仑,14,92,0,西风,1,1016.8,21311
2016-04-25T13:00:00.000Z,奉化,14.3,94,0,北风,0,1016.6,6365
2016-04-25T13:00:00.000Z,象山,14.1,94,0,北风,0,1016.9,4195
2016-04-25T13:00:00.000Z,宁海,14.4,97,0,北风,0,1016.6,5327
2016-04-25T14:00:00.000Z,慈溪,15.1,82,0,东南偏东风,2,1016,5816
2016-04-25T14:00:00.000Z,余姚,14.6,90,0,东风,3,1015.8,8575
2016-04-25T14:00:00.000Z,镇海,14.7,89,0,东南偏东风,1,1016.2,9625
2016-04-25T14:00:00.000Z,鄞州,14.8,90,0,东南偏东风,2,1016.2,10944
2016-04-25T14:00:00.000Z,北仑,14.2,92,0,北风,0,1016.4,20980
2016-04-25T14:00:00.000Z,奉化,14.2,95,0,北风,0,1016.4,2748
2016-04-25T14:00:00.000Z,象山,14.1,94,0,东北风,1,1016.5,4220
2016-04-25T14:00:00.000Z,宁海,14.5,97,0,北风,0,1016.3,4829
2016-04-25T15:00:00.000Z,慈溪,14.9,83,0,东风,2,1015.4,5809
2016-04-25T15:00:00.000Z,余姚,14.7,91,0,东风,4,1015.4,7410
2016-04-25T15:00:00.000Z,镇海,14.6,91,0,东南风,1,1015.7,7225
2016-04-25T15:00:00.000Z,鄞州,14.6,90,0,东南偏东风,2,1015.7,12233
2016-04-25T15:00:00.000Z,北仑,14.1,92,0,北风,0,1015.9,21163
2016-04-25T15:00:00.000Z,奉化,14.1,96,0,西南风,1,1015.9,6153
2016-04-25T15:00:00.000Z,象山,14.1,94,0,北风,0,1016.1,4913
2016-04-25T15:00:00.000Z,宁海,14.5,98,0,北风,0,1015.7,2763
2016-04-25T16:00:00.000Z,慈溪,15,85,0,东风,1,1014.8,4360
2016-04-25T16:00:00.000Z,余姚,14.6,92,0,东北偏东风,4,1014.3,6708
2016-04-25T16:00:00.000Z,镇海,14.6,93,0,北风,0,1015.2,5940
2016-04-25T16:00:00.000Z,鄞州,14.6,89,0,东南偏南风,2,1015.2,13246
2016-04-25T16:00:00.000Z,北仑,14.1,92,0,北风,0,1015.3,20943
2016-04-25T16:00:00.000Z,奉化,14.2,96,0,北风,0,1015.1,2316
2016-04-25T16:00:00.000Z,象山,14.1,95,0,北风,0,1015.5,3810
2016-04-25T16:00:00.000Z,宁海,14.4,98,0,北风,0,1015.3,2562
2016-04-25T17:00:00.000Z,慈溪,14.9,85,0,东南偏东风,1,1014.5,4697
2016-04-25T17:00:00.000Z,余姚,14.7,91,0,东北偏东风,3,1014.4,8124
2016-04-25T17:00:00.000Z,镇海,14.6,91,0,东南偏南风,1,1014.6,6416
2016-04-25T17:00:00.000Z,鄞州,14.7,90,0,南风,2,1014.7,9109
2016-04-25T17:00:00.000Z,北仑,14.2,93,0,北风,0,1015,19997
2016-04-25T17:00:00.000Z,奉化,14,97,0,西南偏南风,2,1014.9,4607
2016-04-25T17:00:00.000Z,象山,14,94,0,北风,0,1015.4,5082
2016-04-25T17:00:00.000Z,宁海,14.3,99,0.2,北风,0,1014.9,1472
2016-04-25T18:00:00.000Z,慈溪,14.8,85,0,东风,1,1013.8,5000
2016-04-25T18:00:00.000Z,余姚,14.6,93,0,东风,4,1013.6,6964
2016-04-25T18:00:00.000Z,镇海,14.6,92,0,东南风,1,1014.1,5998
2016-04-25T18:00:00.000Z,鄞州,14.6,91,0,东南风,2,1013.9,6868
2016-04-25T18:00:00.000Z,北仑,14.3,92,0,北风,0,1014.3,21117
2016-04-25T18:00:00.000Z,奉化,13.9,96,0,东南风,1,1013.9,4823
2016-04-25T18:00:00.000Z,象山,14,95,0.1,北风,0,1014.4,6020
2016-04-25T18:00:00.000Z,宁海,14.3,99,0,北风,0,1014,1338
2016-04-25T19:00:00.000Z,慈溪,14.8,85,0,东风,1,1013.4,4723
2016-04-25T19:00:00.000Z,余姚,14.4,95,0,东风,3,1013.3,6342
2016-04-25T19:00:00.000Z,镇海,14.6,92,0,北风,0,1013.6,6330
2016-04-25T19:00:00.000Z,鄞州,14.6,91,0,南风,2,1013.8,7044
2016-04-25T19:00:00.000Z,北仑,14.6,91,0,东北偏东风,1,1013.7,13601
2016-04-25T19:00:00.000Z,奉化,13.9,96,0,东南偏南风,1,1013.9,4427
2016-04-25T19:00:00.000Z,象山,14.1,95,0,北风,0,1014.3,2951
2016-04-25T19:00:00.000Z,宁海,14.3,99,0,北风,0,1013.8,2584
2016-04-25T20:00:00.000Z,慈溪,14.8,86,0,东风,2,1013.4,3867
2016-04-25T20:00:00.000Z,余姚,14.3,95,0,东北偏东风,4,1012.8,6384
2016-04-25T20:00:00.000Z,镇海,14.5,91,0,南风,1,1013.7,6922
2016-04-25T20:00:00.000Z,鄞州,14.4,93,0,东南风,2,1013.4,5426
2016-04-25T20:00:00.000Z,北仑,14.6,92,0,北风,0,1013.9,12876
2016-04-25T20:00:00.000Z,奉化,13.9,97,0,北风,0,1013.5,859
2016-04-25T20:00:00.000Z,象山,14.1,96,0,北风,0,1013.8,1505
2016-04-25T20:00:00.000Z,宁海,14.3,99,0,北风,0,1013.6,2427
2016-04-25T21:00:00.000Z,慈溪,14.7,87,0,东南偏东风,2,1012.9,3743
2016-04-25T21:00:00.000Z,余姚,14.2,96,0,东北偏东风,4,1012.6,4016
2016-04-25T21:00:00.000Z,镇海,14.5,94,0,东南风,1,1013.1,5750
2016-04-25T21:00:00.000Z,鄞州,14.1,96,0,东南偏南风,2,1013.2,2938
2016-04-25T21:00:00.000Z,北仑,14.7,94,0,西风,1,1013.6,7175
2016-04-25T21:00:00.000Z,奉化,13.8,97,0,东南偏南风,1,1013.3,1305
2016-04-25T21:00:00.000Z,象山,14.2,96,0,北风,0,1013.8,1197
2016-04-25T21:00:00.000Z,宁海,14.4,99,0,北风,0,1013.7,4799
2016-04-25T22:00:00.000Z,慈溪,14.8,87,0,东风,1,1013.3,4103
2016-04-25T22:00:00.000Z,余姚,14.1,97,2,东北偏东风,3,1012.9,2218
2016-04-25T22:00:00.000Z,镇海,14.6,93,0,北风,0,1013.3,5862
2016-04-25T22:00:00.000Z,鄞州,14.3,96,0,北风,2,1013.1,4272
2016-04-25T22:00:00.000Z,北仑,14.8,94,0,西北偏西风,1,1013.5,7939
2016-04-25T22:00:00.000Z,奉化,14,98,0,东南风,1,1013.2,2891
2016-04-25T22:00:00.000Z,象山,14.4,97,0.1,北风,0,1013.7,1165
2016-04-25T22:00:00.000Z,宁海,14.4,99,0,北风,0,1013.6,2732
2016-04-25T23:00:00.000Z,慈溪,14.5,94,1.1,东南偏东风,2,1013.3,1891
2016-04-25T23:00:00.000Z,余姚,14.2,97,1.3,东北偏东风,3,1012.8,3334
2016-04-25T23:00:00.000Z,镇海,14.7,94,0,西南风,1,1013.7,4841
2016-04-25T23:00:00.000Z,鄞州,14.4,96,0,东南风,1,1013.4,2248
2016-04-25T23:00:00.000Z,北仑,15.2,94,0,北风,0,1013.6,7733
2016-04-25T23:00:00.000Z,奉化,14.1,97,0.2,东南风,2,1013.5,3908
2016-04-25T23:00:00.000Z,象山,14.7,97,0,北风,0,1013.8,1247
2016-04-25T23:00:00.000Z,宁海,14.5,99,0.1,北风,0,1013.6,2175
2016-04-26T00:00:00.000Z,慈溪,14.5,95,6.7,东北风,1,1013.7,578
2016-04-26T00:00:00.000Z,余姚,14.2,98,6.4,东风,3,1013.6,2409
2016-04-26T00:00:00.000Z,镇海,14.5,97,6.5,北风,0,1013.5,1658
2016-04-26T00:00:00.000Z,鄞州,14.5,97,3.1,北风,2,1013.7,2144
2016-04-26T00:00:00.000Z,北仑,15.3,95,1.4,东北偏东风,2,1013.5,4573
2016-04-26T00:00:00.000Z,奉化,14.2,98,2.1,东南偏东风,1,1013.8,1431
2016-04-26T00:00:00.000Z,象山,14.9,97,0.2,北风,0,1013.9,961
2016-04-26T00:00:00.000Z,宁海,14.7,99,0,北风,0,1013.6,1838
2016-04-26T01:00:00.000Z,慈溪,14.6,97,8.6,东南偏东风,2,1013.4,812
2016-04-26T01:00:00.000Z,余姚,14.3,98,8.6,东风,4,1012.7,1776
2016-04-26T01:00:00.000Z,镇海,14.4,98,21.8,西北偏北风,1,1014.2,867
2016-04-26T01:00:00.000Z,鄞州,14.6,97,13.5,西南风,2,1014.6,1858
2016-04-26T01:00:00.000Z,北仑,15.3,95,3.8,西北偏西风,1,1014.4,4044
2016-04-26T01:00:00.000Z,奉化,14.3,98,9.5,东风,2,1013.7,342
2016-04-26T01:00:00.000Z,象山,15.1,97,3.4,北风,0,1014.4,1629
2016-04-26T01:00:00.000Z,宁海,14.6,99,11.1,北风,0,1014,1133
2016-04-26T02:00:00.000Z,慈溪,15.5,96,2.4,东南偏东风,3,1011.6,3492
2016-04-26T02:00:00.000Z,余姚,15,98,2.1,东风,4,1011.9,11158
2016-04-26T02:00:00.000Z,镇海,15.1,98,8,东南风,2,1013,3954
2016-04-26T02:00:00.000Z,鄞州,15,97,5.2,东南偏东风,2,1013.2,6607
2016-04-26T02:00:00.000Z,北仑,15.3,96,17.7,东风,2,1013.3,6403
2016-04-26T02:00:00.000Z,奉化,15.2,98,2.1,东南偏东风,1,1013.3,5817
2016-04-26T02:00:00.000Z,象山,15,97,14.7,东北偏东风,2,1013.4,883
2016-04-26T02:00:00.000Z,宁海,14.9,99,9.6,北风,0,1013.6,9304
2016-04-26T03:00:00.000Z,慈溪,16.4,95,0.7,南风,2,1011.7,5124
2016-04-26T03:00:00.000Z,余姚,15.5,98,3.3,东风,4,1011.5,8391
2016-04-26T03:00:00.000Z,镇海,15.8,98,0.2,南风,1,1012.3,6022
2016-04-26T03:00:00.000Z,鄞州,15.6,94,1.3,东南风,2,1012.2,7670
2016-04-26T03:00:00.000Z,北仑,16.4,94,0.4,东北偏东风,1,1012.6,32265
2016-04-26T03:00:00.000Z,奉化,15.6,97,0.8,东风,1,1012.3,4888
2016-04-26T03:00:00.000Z,象山,15.4,97,7.1,东南偏东风,1,1012.9,10212
2016-04-26T03:00:00.000Z,宁海,15.8,97,0,北风,0,1012.7,32401
2016-04-26T04:00:00.000Z,慈溪,17.7,90,0.1,东北偏东风,2,1010.8,14781
2016-04-26T04:00:00.000Z,余姚,17.2,94,0.2,东风,4,1010.5,20805
2016-04-26T04:00:00.000Z,镇海,16.7,97,0.1,南风,2,1011.5,13954
2016-04-26T04:00:00.000Z,鄞州,17,89,0.2,东南偏南风,2,1011.6,20000
2016-04-26T04:00:00.000Z,北仑,17.3,91,0,东南偏东风,1,1011.9,35000
2016-04-26T04:00:00.000Z,奉化,17.3,92,0,南风,2,1011.8,24981
2016-04-26T04:00:00.000Z,象山,16.1,96,0.7,东南风,1,1012.4,7101
2016-04-26T04:00:00.000Z,宁海,16.7,92,0,西南偏南风,1,1012.3,35000
2016-04-26T05:00:00.000Z,慈溪,19.5,83,0,东北偏东风,2,1009.6,20931
2016-04-26T05:00:00.000Z,余姚,17.8,90,0,东风,3,1009.8,25047
2016-04-26T05:00:00.000Z,镇海,18.2,89,0,东南偏南风,2,1010.2,31527
2016-04-26T05:00:00.000Z,鄞州,17.8,87,0,东南偏东风,3,1010.1,20000
2016-04-26T05:00:00.000Z,北仑,17.9,86,0,西南偏南风,2,1010.7,31964
2016-04-26T05:00:00.000Z,奉化,17.8,88,0,南风,3,1010.1,28033
2016-04-26T05:00:00.000Z,象山,16.4,94,0,东南偏东风,1,1011.3,2952
2016-04-26T05:00:00.000Z,宁海,17.1,92,0,东南偏南风,2,1010.6,35000
2016-04-26T06:00:00.000Z,慈溪,19.8,80,0,东南风,2,1009.2,23127
2016-04-26T06:00:00.000Z,余姚,18.6,88,0,东北偏东风,2,1009.3,29234
2016-04-26T06:00:00.000Z,镇海,18.5,88,0,南风,2,1009.6,33973
2016-04-26T06:00:00.000Z,鄞州,18.4,86,0,东南风,3,1009.4,20000
2016-04-26T06:00:00.000Z,北仑,17.3,87,0,东南偏南风,2,1010,35000
2016-04-26T06:00:00.000Z,奉化,18.4,86,0,南风,3,1009.5,27438
2016-04-26T06:00:00.000Z,象山,16.4,94,0,东风,1,1010.4,7206
2016-04-26T06:00:00.000Z,宁海,16.6,94,0,东南风,2,1010,17360
2016-04-26T07:00:00.000Z,慈溪,19.3,83,0,东南偏东风,1,1008.8,17741
2016-04-26T07:00:00.000Z,余姚,19,85,0,东风,1,1008.8,27984
2016-04-26T07:00:00.000Z,镇海,18.5,88,0,东南风,2,1008.9,28059
2016-04-26T07:00:00.000Z,鄞州,18.6,86,0,东南偏南风,4,1008.7,20000
2016-04-26T07:00:00.000Z,北仑,17.7,88,0,西南偏南风,2,1009.1,30917
2016-04-26T07:00:00.000Z,奉化,18.6,85,0,东南偏南风,3,1008.8,26454
2016-04-26T07:00:00.000Z,象山,16.5,92,0,东风,1,1009.6,6480
2016-04-26T07:00:00.000Z,宁海,17.6,91,0,东南偏南风,2,1009.1,25011
2016-04-26T08:00:00.000Z,慈溪,18.8,87,0,东南风,1,1008.9,6907
2016-04-26T08:00:00.000Z,余姚,18.8,85,0,西北偏西风,1,1008.9,25539
2016-04-26T08:00:00.000Z,镇海,18.4,89,0,东南风,1,1009,24643
2016-04-26T08:00:00.000Z,鄞州,17.8,89,0,东风,3,1008.8,20000
2016-04-26T08:00:00.000Z,北仑,17.5,88,0,东南风,2,1009.2,35000
2016-04-26T08:00:00.000Z,奉化,18,88,0,南风,3,1008.8,20521
2016-04-26T08:00:00.000Z,象山,16.6,93,0,东南偏南风,1,1009.7,7121
2016-04-26T08:00:00.000Z,宁海,17.6,92,0,东南风,2,1009.1,13265
2016-04-26T09:00:00.000Z,慈溪,17.4,91,0,东北偏东风,1,1008.8,5441
2016-04-26T09:00:00.000Z,余姚,18.4,90,0,西北风,2,1008.5,15397
2016-04-26T09:00:00.000Z,镇海,18.3,90,0,东南风,1,1008.7,21385
2016-04-26T09:00:00.000Z,鄞州,17.6,90,0,东北偏东风,3,1008.5,12947
2016-04-26T09:00:00.000Z,北仑,17,90,0,东南风,2,1008.9,30528
2016-04-26T09:00:00.000Z,奉化,18,88,0,东南偏南风,2,1008.6,17692
2016-04-26T09:00:00.000Z,象山,16.5,93,0,东北偏东风,1,1009.2,4533
2016-04-26T09:00:00.000Z,宁海,17.3,93,0,东南风,1,1008.9,11082
2016-04-26T10:00:00.000Z,慈溪,17.1,93,0,东北风,1,1009,4770
2016-04-26T10:00:00.000Z,余姚,17.5,95,0,西北偏西风,2,1009.1,4590
2016-04-26T10:00:00.000Z,镇海,17.9,92,0,南风,1,1008.8,16237
2016-04-26T10:00:00.000Z,鄞州,17.3,91,0,东北偏东风,2,1008.5,13765
2016-04-26T10:00:00.000Z,北仑,16.7,91,0,南风,1,1009,27758
2016-04-26T10:00:00.000Z,奉化,17.8,90,0,东南偏南风,2,1008.9,12685
2016-04-26T10:00:00.000Z,象山,16.4,94,0,东风,1,1009.1,3968
2016-04-26T10:00:00.000Z,宁海,17,95,0,北风,0,1008.8,9002
2016-04-26T11:00:00.000Z,慈溪,16.7,95,0,东南偏东风,1,1008.6,2284
2016-04-26T11:00:00.000Z,余姚,17,96,0.1,西南偏南风,1,1008.8,3078
2016-04-26T11:00:00.000Z,镇海,17.4,93,0,东北风,1,1008.8,7848
2016-04-26T11:00:00.000Z,鄞州,17.2,93,0,南风,2,1009.2,9875
2016-04-26T11:00:00.000Z,北仑,16.5,92,0,东南偏东风,1,1008.9,23786
2016-04-26T11:00:00.000Z,奉化,17.5,92,0,东南偏南风,2,1009,10020
2016-04-26T11:00:00.000Z,象山,16.2,95,0,北风,0,1009.4,2406
2016-04-26T11:00:00.000Z,宁海,16.7,96,0,北风,0,1008.5,6891
2016-04-26T12:00:00.000Z,慈溪,16.7,96,0.1,东北风,2,1009,2220
2016-04-26T12:00:00.000Z,余姚,17,97,0,西北偏北风,1,1008.8,2736
2016-04-26T12:00:00.000Z,镇海,17,97,0,北风,1,1008.6,1976
2016-04-26T12:00:00.000Z,鄞州,17.1,93,0,东北偏东风,2,1008,6692
2016-04-26T12:00:00.000Z,北仑,16.6,92,0,北风,0,1009.2,24182
2016-04-26T12:00:00.000Z,奉化,17,94,0.1,东南偏东风,1,1008.1,4780
2016-04-26T12:00:00.000Z,象山,16.1,96,0,北风,0,1009.1,2590
2016-04-26T12:00:00.000Z,宁海,16.6,97,0.1,南风,1,1008.7,6780
2016-04-26T13:00:00.000Z,慈溪,16.4,95,0,西北风,1,1009.3,1913
2016-04-26T13:00:00.000Z,余姚,17,97,0,西北风,1,1009,2648
2016-04-26T13:00:00.000Z,镇海,16.7,97,0,北风,0,1009.1,3124
2016-04-26T13:00:00.000Z,鄞州,17,94,0,东风,2,1009.2,7482
2016-04-26T13:00:00.000Z,北仑,16.5,93,0,北风,0,1009.5,15875
2016-04-26T13:00:00.000Z,奉化,17,95,0,东南风,1,1009.3,4815
2016-04-26T13:00:00.000Z,象山,16.1,96,0.1,东北偏东风,1,1009.5,2022
2016-04-26T13:00:00.000Z,宁海,16.5,97,0,北风,0,1009,5267
2016-04-26T14:00:00.000Z,慈溪,16.3,96,0,北风,0,1009.4,1960
2016-04-26T14:00:00.000Z,余姚,16.8,97,0,西风,2,1009.5,1975
2016-04-26T14:00:00.000Z,镇海,16.8,98,0,北风,0,1009,2007
2016-04-26T14:00:00.000Z,鄞州,16.9,94,0,北风,1,1009,7527
2016-04-26T14:00:00.000Z,北仑,16.7,93,0,北风,0,1009.2,17028
2016-04-26T14:00:00.000Z,奉化,17,96,0,西北风,1,1009.2,2889
2016-04-26T14:00:00.000Z,象山,16.1,96,0,西北风,1,1009.2,1554
2016-04-26T14:00:00.000Z,宁海,16.5,98,0,北风,0,1009,4910
2016-04-26T15:00:00.000Z,慈溪,16.3,96,0,西北偏西风,2,1009.2,1248
2016-04-26T15:00:00.000Z,余姚,16.7,97,0,西北偏西风,3,1009.2,3404
2016-04-26T15:00:00.000Z,镇海,16.9,98,0,西北偏西风,1,1008.4,1638
2016-04-26T15:00:00.000Z,鄞州,17.1,95,0,西北风,2,1008.3,7275
2016-04-26T15:00:00.000Z,北仑,16.5,93,0,东南风,1,1008.3,18222
2016-04-26T15:00:00.000Z,奉化,16.9,97,0,西北偏西风,2,1008.7,3457
2016-04-26T15:00:00.000Z,象山,16.1,96,0,北风,0,1008.6,1428
2016-04-26T15:00:00.000Z,宁海,16.5,98,0,北风,0,1008.6,3908
